[2026-05-28 13:34:35] production.ERROR: Please provide a valid cache path. {"exception":"[object] (InvalidArgumentException(code: 0): Please provide a valid cache path. at /home/mexy/Downloads/Vastora LMS v3.1.0/vendor/laravel/framework/src/Illuminate/View/Compilers/Compiler.php:67)
[stacktrace]
#0 /home/mexy/Downloads/Vastora LMS v3.1.0/vendor/laravel/framework/src/Illuminate/View/ViewServiceProvider.php(97): Illuminate\\View\\Compilers\\Compiler->__construct()
#1 /home/mexy/Downloads/Vastora LMS v3.1.0/vendor/laravel/framework/src/Illuminate/Container/Container.php(952): Illuminate\\View\\ViewServiceProvider->{closure:Illuminate\\View\\ViewServiceProvider::registerBladeCompiler():96}()
#2 /home/mexy/Downloads/Vastora LMS v3.1.0/vendor/laravel/framework/src/Illuminate/Container/Container.php(832): Illuminate\\Container\\Container->build()
#3 /home/mexy/Downloads/Vastora LMS v3.1.0/vendor/laravel/framework/src/Illuminate/Foundation/Application.php(1078): Illuminate\\Container\\Container->resolve()
#4 /home/mexy/Downloads/Vastora LMS v3.1.0/vendor/laravel/framework/src/Illuminate/Container/Container.php(763): Illuminate\\Foundation\\Application->resolve()
#5 /home/mexy/Downloads/Vastora LMS v3.1.0/vendor/laravel/framework/src/Illuminate/Foundation/Application.php(1058): Illuminate\\Container\\Container->make()
#6 /home/mexy/Downloads/Vastora LMS v3.1.0/vendor/laravel/framework/src/Illuminate/Container/Container.php(1580): Illuminate\\Foundation\\Application->make()
#7 /home/mexy/Downloads/Vastora LMS v3.1.0/vendor/laravel/framework/src/Illuminate/Support/Facades/Facade.php(239): Illuminate\\Container\\Container->offsetGet()
#8 /home/mexy/Downloads/Vastora LMS v3.1.0/vendor/laravel/framework/src/Illuminate/Support/Facades/Facade.php(210): Illuminate\\Support\\Facades\\Facade::resolveFacadeInstance()
#9 /home/mexy/Downloads/Vastora LMS v3.1.0/vendor/laravel/framework/src/Illuminate/Support/Facades/Facade.php(355): Illuminate\\Support\\Facades\\Facade::getFacadeRoot()
#10 /home/mexy/Downloads/Vastora LMS v3.1.0/vendor/livewire/livewire/src/Mechanisms/FrontendAssets/FrontendAssets.php(30): Illuminate\\Support\\Facades\\Facade::__callStatic()
#11 /home/mexy/Downloads/Vastora LMS v3.1.0/vendor/livewire/livewire/src/LivewireServiceProvider.php(77): Livewire\\Mechanisms\\FrontendAssets\\FrontendAssets->boot()
#12 /home/mexy/Downloads/Vastora LMS v3.1.0/vendor/livewire/livewire/src/LivewireServiceProvider.php(19): Livewire\\LivewireServiceProvider->bootMechanisms()
#13 /home/mexy/Downloads/Vastora LMS v3.1.0/vendor/laravel/framework/src/Illuminate/Container/BoundMethod.php(36): Livewire\\LivewireServiceProvider->boot()
#14 /home/mexy/Downloads/Vastora LMS v3.1.0/vendor/laravel/framework/src/Illuminate/Container/Util.php(43): Illuminate\\Container\\BoundMethod::{closure:Illuminate\\Container\\BoundMethod::call():35}()
#15 /home/mexy/Downloads/Vastora LMS v3.1.0/vendor/laravel/framework/src/Illuminate/Container/BoundMethod.php(95): Illuminate\\Container\\Util::unwrapIfClosure()
#16 /home/mexy/Downloads/Vastora LMS v3.1.0/vendor/laravel/framework/src/Illuminate/Container/BoundMethod.php(35): Illuminate\\Container\\BoundMethod::callBoundMethod()
#17 /home/mexy/Downloads/Vastora LMS v3.1.0/vendor/laravel/framework/src/Illuminate/Container/Container.php(696): Illuminate\\Container\\BoundMethod::call()
#18 /home/mexy/Downloads/Vastora LMS v3.1.0/vendor/laravel/framework/src/Illuminate/Foundation/Application.php(1151): Illuminate\\Container\\Container->call()
#19 /home/mexy/Downloads/Vastora LMS v3.1.0/vendor/laravel/framework/src/Illuminate/Foundation/Application.php(1132): Illuminate\\Foundation\\Application->bootProvider()
#20 [internal function]: Illuminate\\Foundation\\Application->{closure:Illuminate\\Foundation\\Application::boot():1131}()
#21 /home/mexy/Downloads/Vastora LMS v3.1.0/vendor/laravel/framework/src/Illuminate/Foundation/Application.php(1131): array_walk()
#22 /home/mexy/Downloads/Vastora LMS v3.1.0/vendor/laravel/framework/src/Illuminate/Foundation/Bootstrap/BootProviders.php(17): Illuminate\\Foundation\\Application->boot()
#23 /home/mexy/Downloads/Vastora LMS v3.1.0/vendor/laravel/framework/src/Illuminate/Foundation/Application.php(342): Illuminate\\Foundation\\Bootstrap\\BootProviders->bootstrap()
#24 /home/mexy/Downloads/Vastora LMS v3.1.0/vendor/laravel/framework/src/Illuminate/Foundation/Console/Kernel.php(474): Illuminate\\Foundation\\Application->bootstrapWith()
#25 /home/mexy/Downloads/Vastora LMS v3.1.0/vendor/laravel/framework/src/Illuminate/Foundation/Console/Kernel.php(196): Illuminate\\Foundation\\Console\\Kernel->bootstrap()
#26 /home/mexy/Downloads/Vastora LMS v3.1.0/vendor/laravel/framework/src/Illuminate/Foundation/Application.php(1235): Illuminate\\Foundation\\Console\\Kernel->handle()
#27 /home/mexy/Downloads/Vastora LMS v3.1.0/artisan(13): Illuminate\\Foundation\\Application->handleCommand()
#28 {main}
"} 
[2026-05-28 13:39:02] production.ERROR: Database file at path [/home/mexy/Downloads/Vastora LMS v3.1.0/database/database.sqlite] does not exist. Ensure this is an absolute path to the database. (Connection: sqlite, SQL: select exists (select 1 from sqlite_master where name = 'optionbuilder__settings' and type = 'table') as "exists") {"exception":"[object] (Illuminate\\Database\\QueryException(code: 0): Database file at path [/home/mexy/Downloads/Vastora LMS v3.1.0/database/database.sqlite] does not exist. Ensure this is an absolute path to the database. (Connection: sqlite, SQL: select exists (select 1 from sqlite_master where name = 'optionbuilder__settings' and type = 'table') as \"exists\") at /home/mexy/Downloads/Vastora LMS v3.1.0/vendor/laravel/framework/src/Illuminate/Database/Connection.php:825)
[stacktrace]
#0 /home/mexy/Downloads/Vastora LMS v3.1.0/vendor/laravel/framework/src/Illuminate/Database/Connection.php(779): Illuminate\\Database\\Connection->runQueryCallback()
#1 /home/mexy/Downloads/Vastora LMS v3.1.0/vendor/laravel/framework/src/Illuminate/Database/Connection.php(398): Illuminate\\Database\\Connection->run()
#2 /home/mexy/Downloads/Vastora LMS v3.1.0/vendor/laravel/framework/src/Illuminate/Database/Connection.php(344): Illuminate\\Database\\Connection->select()
#3 /home/mexy/Downloads/Vastora LMS v3.1.0/vendor/laravel/framework/src/Illuminate/Database/Connection.php(361): Illuminate\\Database\\Connection->selectOne()
#4 /home/mexy/Downloads/Vastora LMS v3.1.0/vendor/laravel/framework/src/Illuminate/Database/Schema/SQLiteBuilder.php(44): Illuminate\\Database\\Connection->scalar()
#5 /home/mexy/Downloads/Vastora LMS v3.1.0/vendor/laravel/framework/src/Illuminate/Support/Facades/Facade.php(361): Illuminate\\Database\\Schema\\SQLiteBuilder->hasTable()
#6 /home/mexy/Downloads/Vastora LMS v3.1.0/app/Providers/AppServiceProvider.php(50): Illuminate\\Support\\Facades\\Facade::__callStatic()
#7 /home/mexy/Downloads/Vastora LMS v3.1.0/vendor/laravel/framework/src/Illuminate/Container/BoundMethod.php(36): App\\Providers\\AppServiceProvider->boot()
#8 /home/mexy/Downloads/Vastora LMS v3.1.0/vendor/laravel/framework/src/Illuminate/Container/Util.php(43): Illuminate\\Container\\BoundMethod::{closure:Illuminate\\Container\\BoundMethod::call():35}()
#9 /home/mexy/Downloads/Vastora LMS v3.1.0/vendor/laravel/framework/src/Illuminate/Container/BoundMethod.php(95): Illuminate\\Container\\Util::unwrapIfClosure()
#10 /home/mexy/Downloads/Vastora LMS v3.1.0/vendor/laravel/framework/src/Illuminate/Container/BoundMethod.php(35): Illuminate\\Container\\BoundMethod::callBoundMethod()
#11 /home/mexy/Downloads/Vastora LMS v3.1.0/vendor/laravel/framework/src/Illuminate/Container/Container.php(696): Illuminate\\Container\\BoundMethod::call()
#12 /home/mexy/Downloads/Vastora LMS v3.1.0/vendor/laravel/framework/src/Illuminate/Foundation/Application.php(1151): Illuminate\\Container\\Container->call()
#13 /home/mexy/Downloads/Vastora LMS v3.1.0/vendor/laravel/framework/src/Illuminate/Foundation/Application.php(1132): Illuminate\\Foundation\\Application->bootProvider()
#14 [internal function]: Illuminate\\Foundation\\Application->{closure:Illuminate\\Foundation\\Application::boot():1131}()
#15 /home/mexy/Downloads/Vastora LMS v3.1.0/vendor/laravel/framework/src/Illuminate/Foundation/Application.php(1131): array_walk()
#16 /home/mexy/Downloads/Vastora LMS v3.1.0/vendor/laravel/framework/src/Illuminate/Foundation/Bootstrap/BootProviders.php(17): Illuminate\\Foundation\\Application->boot()
#17 /home/mexy/Downloads/Vastora LMS v3.1.0/vendor/laravel/framework/src/Illuminate/Foundation/Application.php(342): Illuminate\\Foundation\\Bootstrap\\BootProviders->bootstrap()
#18 /home/mexy/Downloads/Vastora LMS v3.1.0/vendor/laravel/framework/src/Illuminate/Foundation/Console/Kernel.php(474): Illuminate\\Foundation\\Application->bootstrapWith()
#19 /home/mexy/Downloads/Vastora LMS v3.1.0/vendor/laravel/framework/src/Illuminate/Foundation/Console/Kernel.php(196): Illuminate\\Foundation\\Console\\Kernel->bootstrap()
#20 /home/mexy/Downloads/Vastora LMS v3.1.0/vendor/laravel/framework/src/Illuminate/Foundation/Application.php(1235): Illuminate\\Foundation\\Console\\Kernel->handle()
#21 /home/mexy/Downloads/Vastora LMS v3.1.0/artisan(13): Illuminate\\Foundation\\Application->handleCommand()
#22 {main}

[previous exception] [object] (Illuminate\\Database\\SQLiteDatabaseDoesNotExistException(code: 0): Database file at path [/home/mexy/Downloads/Vastora LMS v3.1.0/database/database.sqlite] does not exist. Ensure this is an absolute path to the database. at /home/mexy/Downloads/Vastora LMS v3.1.0/vendor/laravel/framework/src/Illuminate/Database/Connectors/SQLiteConnector.php:37)
[stacktrace]
#0 /home/mexy/Downloads/Vastora LMS v3.1.0/vendor/laravel/framework/src/Illuminate/Database/Connectors/ConnectionFactory.php(224): Illuminate\\Database\\Connectors\\SQLiteConnector->connect()
#1 [internal function]: Illuminate\\Database\\Connectors\\ConnectionFactory->{closure:Illuminate\\Database\\Connectors\\ConnectionFactory::createPdoResolverWithoutHosts():224}()
#2 /home/mexy/Downloads/Vastora LMS v3.1.0/vendor/laravel/framework/src/Illuminate/Database/Connection.php(1231): call_user_func()
#3 /home/mexy/Downloads/Vastora LMS v3.1.0/vendor/laravel/framework/src/Illuminate/Database/Connection.php(1267): Illuminate\\Database\\Connection->getPdo()
#4 /home/mexy/Downloads/Vastora LMS v3.1.0/vendor/laravel/framework/src/Illuminate/Database/Connection.php(512): Illuminate\\Database\\Connection->getReadPdo()
#5 /home/mexy/Downloads/Vastora LMS v3.1.0/vendor/laravel/framework/src/Illuminate/Database/Connection.php(407): Illuminate\\Database\\Connection->getPdoForSelect()
#6 /home/mexy/Downloads/Vastora LMS v3.1.0/vendor/laravel/framework/src/Illuminate/Database/Connection.php(812): Illuminate\\Database\\Connection->{closure:Illuminate\\Database\\Connection::select():398}()
#7 /home/mexy/Downloads/Vastora LMS v3.1.0/vendor/laravel/framework/src/Illuminate/Database/Connection.php(779): Illuminate\\Database\\Connection->runQueryCallback()
#8 /home/mexy/Downloads/Vastora LMS v3.1.0/vendor/laravel/framework/src/Illuminate/Database/Connection.php(398): Illuminate\\Database\\Connection->run()
#9 /home/mexy/Downloads/Vastora LMS v3.1.0/vendor/laravel/framework/src/Illuminate/Database/Connection.php(344): Illuminate\\Database\\Connection->select()
#10 /home/mexy/Downloads/Vastora LMS v3.1.0/vendor/laravel/framework/src/Illuminate/Database/Connection.php(361): Illuminate\\Database\\Connection->selectOne()
#11 /home/mexy/Downloads/Vastora LMS v3.1.0/vendor/laravel/framework/src/Illuminate/Database/Schema/SQLiteBuilder.php(44): Illuminate\\Database\\Connection->scalar()
#12 /home/mexy/Downloads/Vastora LMS v3.1.0/vendor/laravel/framework/src/Illuminate/Support/Facades/Facade.php(361): Illuminate\\Database\\Schema\\SQLiteBuilder->hasTable()
#13 /home/mexy/Downloads/Vastora LMS v3.1.0/app/Providers/AppServiceProvider.php(50): Illuminate\\Support\\Facades\\Facade::__callStatic()
#14 /home/mexy/Downloads/Vastora LMS v3.1.0/vendor/laravel/framework/src/Illuminate/Container/BoundMethod.php(36): App\\Providers\\AppServiceProvider->boot()
#15 /home/mexy/Downloads/Vastora LMS v3.1.0/vendor/laravel/framework/src/Illuminate/Container/Util.php(43): Illuminate\\Container\\BoundMethod::{closure:Illuminate\\Container\\BoundMethod::call():35}()
#16 /home/mexy/Downloads/Vastora LMS v3.1.0/vendor/laravel/framework/src/Illuminate/Container/BoundMethod.php(95): Illuminate\\Container\\Util::unwrapIfClosure()
#17 /home/mexy/Downloads/Vastora LMS v3.1.0/vendor/laravel/framework/src/Illuminate/Container/BoundMethod.php(35): Illuminate\\Container\\BoundMethod::callBoundMethod()
#18 /home/mexy/Downloads/Vastora LMS v3.1.0/vendor/laravel/framework/src/Illuminate/Container/Container.php(696): Illuminate\\Container\\BoundMethod::call()
#19 /home/mexy/Downloads/Vastora LMS v3.1.0/vendor/laravel/framework/src/Illuminate/Foundation/Application.php(1151): Illuminate\\Container\\Container->call()
#20 /home/mexy/Downloads/Vastora LMS v3.1.0/vendor/laravel/framework/src/Illuminate/Foundation/Application.php(1132): Illuminate\\Foundation\\Application->bootProvider()
#21 [internal function]: Illuminate\\Foundation\\Application->{closure:Illuminate\\Foundation\\Application::boot():1131}()
#22 /home/mexy/Downloads/Vastora LMS v3.1.0/vendor/laravel/framework/src/Illuminate/Foundation/Application.php(1131): array_walk()
#23 /home/mexy/Downloads/Vastora LMS v3.1.0/vendor/laravel/framework/src/Illuminate/Foundation/Bootstrap/BootProviders.php(17): Illuminate\\Foundation\\Application->boot()
#24 /home/mexy/Downloads/Vastora LMS v3.1.0/vendor/laravel/framework/src/Illuminate/Foundation/Application.php(342): Illuminate\\Foundation\\Bootstrap\\BootProviders->bootstrap()
#25 /home/mexy/Downloads/Vastora LMS v3.1.0/vendor/laravel/framework/src/Illuminate/Foundation/Console/Kernel.php(474): Illuminate\\Foundation\\Application->bootstrapWith()
#26 /home/mexy/Downloads/Vastora LMS v3.1.0/vendor/laravel/framework/src/Illuminate/Foundation/Console/Kernel.php(196): Illuminate\\Foundation\\Console\\Kernel->bootstrap()
#27 /home/mexy/Downloads/Vastora LMS v3.1.0/vendor/laravel/framework/src/Illuminate/Foundation/Application.php(1235): Illuminate\\Foundation\\Console\\Kernel->handle()
#28 /home/mexy/Downloads/Vastora LMS v3.1.0/artisan(13): Illuminate\\Foundation\\Application->handleCommand()
#29 {main}
"} 
[2026-05-28 13:44:11] production.ERROR: SQLSTATE[HY000] [2002] No such file or directory (Connection: mysql, SQL: select exists (select 1 from information_schema.tables where table_schema = 'lernendb' and table_name = 'optionbuilder__settings' and table_type in ('BASE TABLE', 'SYSTEM VERSIONED')) as `exists`) {"exception":"[object] (Illuminate\\Database\\QueryException(code: 2002): SQLSTATE[HY000] [2002] No such file or directory (Connection: mysql, SQL: select exists (select 1 from information_schema.tables where table_schema = 'lernendb' and table_name = 'optionbuilder__settings' and table_type in ('BASE TABLE', 'SYSTEM VERSIONED')) as `exists`) at /home/mexy/Downloads/Vastora LMS v3.1.0/vendor/laravel/framework/src/Illuminate/Database/Connection.php:825)
[stacktrace]
#0 /home/mexy/Downloads/Vastora LMS v3.1.0/vendor/laravel/framework/src/Illuminate/Database/Connection.php(979): Illuminate\\Database\\Connection->runQueryCallback()
#1 /home/mexy/Downloads/Vastora LMS v3.1.0/vendor/laravel/framework/src/Illuminate/Database/Connection.php(958): Illuminate\\Database\\Connection->tryAgainIfCausedByLostConnection()
#2 /home/mexy/Downloads/Vastora LMS v3.1.0/vendor/laravel/framework/src/Illuminate/Database/Connection.php(781): Illuminate\\Database\\Connection->handleQueryException()
#3 /home/mexy/Downloads/Vastora LMS v3.1.0/vendor/laravel/framework/src/Illuminate/Database/Connection.php(398): Illuminate\\Database\\Connection->run()
#4 /home/mexy/Downloads/Vastora LMS v3.1.0/vendor/laravel/framework/src/Illuminate/Database/Connection.php(344): Illuminate\\Database\\Connection->select()
#5 /home/mexy/Downloads/Vastora LMS v3.1.0/vendor/laravel/framework/src/Illuminate/Database/Connection.php(361): Illuminate\\Database\\Connection->selectOne()
#6 /home/mexy/Downloads/Vastora LMS v3.1.0/vendor/laravel/framework/src/Illuminate/Database/Schema/MySqlBuilder.php(45): Illuminate\\Database\\Connection->scalar()
#7 /home/mexy/Downloads/Vastora LMS v3.1.0/vendor/laravel/framework/src/Illuminate/Support/Facades/Facade.php(361): Illuminate\\Database\\Schema\\MySqlBuilder->hasTable()
#8 /home/mexy/Downloads/Vastora LMS v3.1.0/app/Providers/AppServiceProvider.php(50): Illuminate\\Support\\Facades\\Facade::__callStatic()
#9 /home/mexy/Downloads/Vastora LMS v3.1.0/vendor/laravel/framework/src/Illuminate/Container/BoundMethod.php(36): App\\Providers\\AppServiceProvider->boot()
#10 /home/mexy/Downloads/Vastora LMS v3.1.0/vendor/laravel/framework/src/Illuminate/Container/Util.php(43): Illuminate\\Container\\BoundMethod::{closure:Illuminate\\Container\\BoundMethod::call():35}()
#11 /home/mexy/Downloads/Vastora LMS v3.1.0/vendor/laravel/framework/src/Illuminate/Container/BoundMethod.php(95): Illuminate\\Container\\Util::unwrapIfClosure()
#12 /home/mexy/Downloads/Vastora LMS v3.1.0/vendor/laravel/framework/src/Illuminate/Container/BoundMethod.php(35): Illuminate\\Container\\BoundMethod::callBoundMethod()
#13 /home/mexy/Downloads/Vastora LMS v3.1.0/vendor/laravel/framework/src/Illuminate/Container/Container.php(696): Illuminate\\Container\\BoundMethod::call()
#14 /home/mexy/Downloads/Vastora LMS v3.1.0/vendor/laravel/framework/src/Illuminate/Foundation/Application.php(1151): Illuminate\\Container\\Container->call()
#15 /home/mexy/Downloads/Vastora LMS v3.1.0/vendor/laravel/framework/src/Illuminate/Foundation/Application.php(1132): Illuminate\\Foundation\\Application->bootProvider()
#16 [internal function]: Illuminate\\Foundation\\Application->{closure:Illuminate\\Foundation\\Application::boot():1131}()
#17 /home/mexy/Downloads/Vastora LMS v3.1.0/vendor/laravel/framework/src/Illuminate/Foundation/Application.php(1131): array_walk()
#18 /home/mexy/Downloads/Vastora LMS v3.1.0/vendor/laravel/framework/src/Illuminate/Foundation/Bootstrap/BootProviders.php(17): Illuminate\\Foundation\\Application->boot()
#19 /home/mexy/Downloads/Vastora LMS v3.1.0/vendor/laravel/framework/src/Illuminate/Foundation/Application.php(342): Illuminate\\Foundation\\Bootstrap\\BootProviders->bootstrap()
#20 /home/mexy/Downloads/Vastora LMS v3.1.0/vendor/laravel/framework/src/Illuminate/Foundation/Console/Kernel.php(474): Illuminate\\Foundation\\Application->bootstrapWith()
#21 /home/mexy/Downloads/Vastora LMS v3.1.0/vendor/laravel/framework/src/Illuminate/Foundation/Console/Kernel.php(196): Illuminate\\Foundation\\Console\\Kernel->bootstrap()
#22 /home/mexy/Downloads/Vastora LMS v3.1.0/vendor/laravel/framework/src/Illuminate/Foundation/Application.php(1235): Illuminate\\Foundation\\Console\\Kernel->handle()
#23 /home/mexy/Downloads/Vastora LMS v3.1.0/artisan(13): Illuminate\\Foundation\\Application->handleCommand()
#24 {main}

[previous exception] [object] (PDOException(code: 2002): SQLSTATE[HY000] [2002] No such file or directory at /home/mexy/Downloads/Vastora LMS v3.1.0/vendor/laravel/framework/src/Illuminate/Database/Connectors/Connector.php:67)
[stacktrace]
#0 /home/mexy/Downloads/Vastora LMS v3.1.0/vendor/laravel/framework/src/Illuminate/Database/Connectors/Connector.php(67): PDO::connect()
#1 /home/mexy/Downloads/Vastora LMS v3.1.0/vendor/laravel/framework/src/Illuminate/Database/Connectors/Connector.php(85): Illuminate\\Database\\Connectors\\Connector->createPdoConnection()
#2 /home/mexy/Downloads/Vastora LMS v3.1.0/vendor/laravel/framework/src/Illuminate/Database/Connectors/Connector.php(48): Illuminate\\Database\\Connectors\\Connector->tryAgainIfCausedByLostConnection()
#3 /home/mexy/Downloads/Vastora LMS v3.1.0/vendor/laravel/framework/src/Illuminate/Database/Connectors/MySqlConnector.php(24): Illuminate\\Database\\Connectors\\Connector->createConnection()
#4 /home/mexy/Downloads/Vastora LMS v3.1.0/vendor/laravel/framework/src/Illuminate/Database/Connectors/ConnectionFactory.php(185): Illuminate\\Database\\Connectors\\MySqlConnector->connect()
#5 [internal function]: Illuminate\\Database\\Connectors\\ConnectionFactory->{closure:Illuminate\\Database\\Connectors\\ConnectionFactory::createPdoResolverWithHosts():180}()
#6 /home/mexy/Downloads/Vastora LMS v3.1.0/vendor/laravel/framework/src/Illuminate/Database/Connection.php(1231): call_user_func()
#7 /home/mexy/Downloads/Vastora LMS v3.1.0/vendor/laravel/framework/src/Illuminate/Database/Connection.php(1267): Illuminate\\Database\\Connection->getPdo()
#8 /home/mexy/Downloads/Vastora LMS v3.1.0/vendor/laravel/framework/src/Illuminate/Database/Connection.php(512): Illuminate\\Database\\Connection->getReadPdo()
#9 /home/mexy/Downloads/Vastora LMS v3.1.0/vendor/laravel/framework/src/Illuminate/Database/Connection.php(407): Illuminate\\Database\\Connection->getPdoForSelect()
#10 /home/mexy/Downloads/Vastora LMS v3.1.0/vendor/laravel/framework/src/Illuminate/Database/Connection.php(812): Illuminate\\Database\\Connection->{closure:Illuminate\\Database\\Connection::select():398}()
#11 /home/mexy/Downloads/Vastora LMS v3.1.0/vendor/laravel/framework/src/Illuminate/Database/Connection.php(979): Illuminate\\Database\\Connection->runQueryCallback()
#12 /home/mexy/Downloads/Vastora LMS v3.1.0/vendor/laravel/framework/src/Illuminate/Database/Connection.php(958): Illuminate\\Database\\Connection->tryAgainIfCausedByLostConnection()
#13 /home/mexy/Downloads/Vastora LMS v3.1.0/vendor/laravel/framework/src/Illuminate/Database/Connection.php(781): Illuminate\\Database\\Connection->handleQueryException()
#14 /home/mexy/Downloads/Vastora LMS v3.1.0/vendor/laravel/framework/src/Illuminate/Database/Connection.php(398): Illuminate\\Database\\Connection->run()
#15 /home/mexy/Downloads/Vastora LMS v3.1.0/vendor/laravel/framework/src/Illuminate/Database/Connection.php(344): Illuminate\\Database\\Connection->select()
#16 /home/mexy/Downloads/Vastora LMS v3.1.0/vendor/laravel/framework/src/Illuminate/Database/Connection.php(361): Illuminate\\Database\\Connection->selectOne()
#17 /home/mexy/Downloads/Vastora LMS v3.1.0/vendor/laravel/framework/src/Illuminate/Database/Schema/MySqlBuilder.php(45): Illuminate\\Database\\Connection->scalar()
#18 /home/mexy/Downloads/Vastora LMS v3.1.0/vendor/laravel/framework/src/Illuminate/Support/Facades/Facade.php(361): Illuminate\\Database\\Schema\\MySqlBuilder->hasTable()
#19 /home/mexy/Downloads/Vastora LMS v3.1.0/app/Providers/AppServiceProvider.php(50): Illuminate\\Support\\Facades\\Facade::__callStatic()
#20 /home/mexy/Downloads/Vastora LMS v3.1.0/vendor/laravel/framework/src/Illuminate/Container/BoundMethod.php(36): App\\Providers\\AppServiceProvider->boot()
#21 /home/mexy/Downloads/Vastora LMS v3.1.0/vendor/laravel/framework/src/Illuminate/Container/Util.php(43): Illuminate\\Container\\BoundMethod::{closure:Illuminate\\Container\\BoundMethod::call():35}()
#22 /home/mexy/Downloads/Vastora LMS v3.1.0/vendor/laravel/framework/src/Illuminate/Container/BoundMethod.php(95): Illuminate\\Container\\Util::unwrapIfClosure()
#23 /home/mexy/Downloads/Vastora LMS v3.1.0/vendor/laravel/framework/src/Illuminate/Container/BoundMethod.php(35): Illuminate\\Container\\BoundMethod::callBoundMethod()
#24 /home/mexy/Downloads/Vastora LMS v3.1.0/vendor/laravel/framework/src/Illuminate/Container/Container.php(696): Illuminate\\Container\\BoundMethod::call()
#25 /home/mexy/Downloads/Vastora LMS v3.1.0/vendor/laravel/framework/src/Illuminate/Foundation/Application.php(1151): Illuminate\\Container\\Container->call()
#26 /home/mexy/Downloads/Vastora LMS v3.1.0/vendor/laravel/framework/src/Illuminate/Foundation/Application.php(1132): Illuminate\\Foundation\\Application->bootProvider()
#27 [internal function]: Illuminate\\Foundation\\Application->{closure:Illuminate\\Foundation\\Application::boot():1131}()
#28 /home/mexy/Downloads/Vastora LMS v3.1.0/vendor/laravel/framework/src/Illuminate/Foundation/Application.php(1131): array_walk()
#29 /home/mexy/Downloads/Vastora LMS v3.1.0/vendor/laravel/framework/src/Illuminate/Foundation/Bootstrap/BootProviders.php(17): Illuminate\\Foundation\\Application->boot()
#30 /home/mexy/Downloads/Vastora LMS v3.1.0/vendor/laravel/framework/src/Illuminate/Foundation/Application.php(342): Illuminate\\Foundation\\Bootstrap\\BootProviders->bootstrap()
#31 /home/mexy/Downloads/Vastora LMS v3.1.0/vendor/laravel/framework/src/Illuminate/Foundation/Console/Kernel.php(474): Illuminate\\Foundation\\Application->bootstrapWith()
#32 /home/mexy/Downloads/Vastora LMS v3.1.0/vendor/laravel/framework/src/Illuminate/Foundation/Console/Kernel.php(196): Illuminate\\Foundation\\Console\\Kernel->bootstrap()
#33 /home/mexy/Downloads/Vastora LMS v3.1.0/vendor/laravel/framework/src/Illuminate/Foundation/Application.php(1235): Illuminate\\Foundation\\Console\\Kernel->handle()
#34 /home/mexy/Downloads/Vastora LMS v3.1.0/artisan(13): Illuminate\\Foundation\\Application->handleCommand()
#35 {main}
"} 
[2026-05-28 13:44:35] production.ERROR: SQLSTATE[HY000] [2002] No such file or directory (Connection: mysql, SQL: select exists (select 1 from information_schema.tables where table_schema = 'lernendb' and table_name = 'optionbuilder__settings' and table_type in ('BASE TABLE', 'SYSTEM VERSIONED')) as `exists`) {"exception":"[object] (Illuminate\\Database\\QueryException(code: 2002): SQLSTATE[HY000] [2002] No such file or directory (Connection: mysql, SQL: select exists (select 1 from information_schema.tables where table_schema = 'lernendb' and table_name = 'optionbuilder__settings' and table_type in ('BASE TABLE', 'SYSTEM VERSIONED')) as `exists`) at /home/mexy/Downloads/Vastora LMS v3.1.0/vendor/laravel/framework/src/Illuminate/Database/Connection.php:825)
[stacktrace]
#0 /home/mexy/Downloads/Vastora LMS v3.1.0/vendor/laravel/framework/src/Illuminate/Database/Connection.php(979): Illuminate\\Database\\Connection->runQueryCallback()
#1 /home/mexy/Downloads/Vastora LMS v3.1.0/vendor/laravel/framework/src/Illuminate/Database/Connection.php(958): Illuminate\\Database\\Connection->tryAgainIfCausedByLostConnection()
#2 /home/mexy/Downloads/Vastora LMS v3.1.0/vendor/laravel/framework/src/Illuminate/Database/Connection.php(781): Illuminate\\Database\\Connection->handleQueryException()
#3 /home/mexy/Downloads/Vastora LMS v3.1.0/vendor/laravel/framework/src/Illuminate/Database/Connection.php(398): Illuminate\\Database\\Connection->run()
#4 /home/mexy/Downloads/Vastora LMS v3.1.0/vendor/laravel/framework/src/Illuminate/Database/Connection.php(344): Illuminate\\Database\\Connection->select()
#5 /home/mexy/Downloads/Vastora LMS v3.1.0/vendor/laravel/framework/src/Illuminate/Database/Connection.php(361): Illuminate\\Database\\Connection->selectOne()
#6 /home/mexy/Downloads/Vastora LMS v3.1.0/vendor/laravel/framework/src/Illuminate/Database/Schema/MySqlBuilder.php(45): Illuminate\\Database\\Connection->scalar()
#7 /home/mexy/Downloads/Vastora LMS v3.1.0/vendor/laravel/framework/src/Illuminate/Support/Facades/Facade.php(361): Illuminate\\Database\\Schema\\MySqlBuilder->hasTable()
#8 /home/mexy/Downloads/Vastora LMS v3.1.0/app/Providers/AppServiceProvider.php(50): Illuminate\\Support\\Facades\\Facade::__callStatic()
#9 /home/mexy/Downloads/Vastora LMS v3.1.0/vendor/laravel/framework/src/Illuminate/Container/BoundMethod.php(36): App\\Providers\\AppServiceProvider->boot()
#10 /home/mexy/Downloads/Vastora LMS v3.1.0/vendor/laravel/framework/src/Illuminate/Container/Util.php(43): Illuminate\\Container\\BoundMethod::{closure:Illuminate\\Container\\BoundMethod::call():35}()
#11 /home/mexy/Downloads/Vastora LMS v3.1.0/vendor/laravel/framework/src/Illuminate/Container/BoundMethod.php(95): Illuminate\\Container\\Util::unwrapIfClosure()
#12 /home/mexy/Downloads/Vastora LMS v3.1.0/vendor/laravel/framework/src/Illuminate/Container/BoundMethod.php(35): Illuminate\\Container\\BoundMethod::callBoundMethod()
#13 /home/mexy/Downloads/Vastora LMS v3.1.0/vendor/laravel/framework/src/Illuminate/Container/Container.php(696): Illuminate\\Container\\BoundMethod::call()
#14 /home/mexy/Downloads/Vastora LMS v3.1.0/vendor/laravel/framework/src/Illuminate/Foundation/Application.php(1151): Illuminate\\Container\\Container->call()
#15 /home/mexy/Downloads/Vastora LMS v3.1.0/vendor/laravel/framework/src/Illuminate/Foundation/Application.php(1132): Illuminate\\Foundation\\Application->bootProvider()
#16 [internal function]: Illuminate\\Foundation\\Application->{closure:Illuminate\\Foundation\\Application::boot():1131}()
#17 /home/mexy/Downloads/Vastora LMS v3.1.0/vendor/laravel/framework/src/Illuminate/Foundation/Application.php(1131): array_walk()
#18 /home/mexy/Downloads/Vastora LMS v3.1.0/vendor/laravel/framework/src/Illuminate/Foundation/Bootstrap/BootProviders.php(17): Illuminate\\Foundation\\Application->boot()
#19 /home/mexy/Downloads/Vastora LMS v3.1.0/vendor/laravel/framework/src/Illuminate/Foundation/Application.php(342): Illuminate\\Foundation\\Bootstrap\\BootProviders->bootstrap()
#20 /home/mexy/Downloads/Vastora LMS v3.1.0/vendor/laravel/framework/src/Illuminate/Foundation/Console/Kernel.php(474): Illuminate\\Foundation\\Application->bootstrapWith()
#21 /home/mexy/Downloads/Vastora LMS v3.1.0/vendor/laravel/framework/src/Illuminate/Foundation/Console/Kernel.php(196): Illuminate\\Foundation\\Console\\Kernel->bootstrap()
#22 /home/mexy/Downloads/Vastora LMS v3.1.0/vendor/laravel/framework/src/Illuminate/Foundation/Application.php(1235): Illuminate\\Foundation\\Console\\Kernel->handle()
#23 /home/mexy/Downloads/Vastora LMS v3.1.0/artisan(13): Illuminate\\Foundation\\Application->handleCommand()
#24 {main}

[previous exception] [object] (PDOException(code: 2002): SQLSTATE[HY000] [2002] No such file or directory at /home/mexy/Downloads/Vastora LMS v3.1.0/vendor/laravel/framework/src/Illuminate/Database/Connectors/Connector.php:67)
[stacktrace]
#0 /home/mexy/Downloads/Vastora LMS v3.1.0/vendor/laravel/framework/src/Illuminate/Database/Connectors/Connector.php(67): PDO::connect()
#1 /home/mexy/Downloads/Vastora LMS v3.1.0/vendor/laravel/framework/src/Illuminate/Database/Connectors/Connector.php(85): Illuminate\\Database\\Connectors\\Connector->createPdoConnection()
#2 /home/mexy/Downloads/Vastora LMS v3.1.0/vendor/laravel/framework/src/Illuminate/Database/Connectors/Connector.php(48): Illuminate\\Database\\Connectors\\Connector->tryAgainIfCausedByLostConnection()
#3 /home/mexy/Downloads/Vastora LMS v3.1.0/vendor/laravel/framework/src/Illuminate/Database/Connectors/MySqlConnector.php(24): Illuminate\\Database\\Connectors\\Connector->createConnection()
#4 /home/mexy/Downloads/Vastora LMS v3.1.0/vendor/laravel/framework/src/Illuminate/Database/Connectors/ConnectionFactory.php(185): Illuminate\\Database\\Connectors\\MySqlConnector->connect()
#5 [internal function]: Illuminate\\Database\\Connectors\\ConnectionFactory->{closure:Illuminate\\Database\\Connectors\\ConnectionFactory::createPdoResolverWithHosts():180}()
#6 /home/mexy/Downloads/Vastora LMS v3.1.0/vendor/laravel/framework/src/Illuminate/Database/Connection.php(1231): call_user_func()
#7 /home/mexy/Downloads/Vastora LMS v3.1.0/vendor/laravel/framework/src/Illuminate/Database/Connection.php(1267): Illuminate\\Database\\Connection->getPdo()
#8 /home/mexy/Downloads/Vastora LMS v3.1.0/vendor/laravel/framework/src/Illuminate/Database/Connection.php(512): Illuminate\\Database\\Connection->getReadPdo()
#9 /home/mexy/Downloads/Vastora LMS v3.1.0/vendor/laravel/framework/src/Illuminate/Database/Connection.php(407): Illuminate\\Database\\Connection->getPdoForSelect()
#10 /home/mexy/Downloads/Vastora LMS v3.1.0/vendor/laravel/framework/src/Illuminate/Database/Connection.php(812): Illuminate\\Database\\Connection->{closure:Illuminate\\Database\\Connection::select():398}()
#11 /home/mexy/Downloads/Vastora LMS v3.1.0/vendor/laravel/framework/src/Illuminate/Database/Connection.php(979): Illuminate\\Database\\Connection->runQueryCallback()
#12 /home/mexy/Downloads/Vastora LMS v3.1.0/vendor/laravel/framework/src/Illuminate/Database/Connection.php(958): Illuminate\\Database\\Connection->tryAgainIfCausedByLostConnection()
#13 /home/mexy/Downloads/Vastora LMS v3.1.0/vendor/laravel/framework/src/Illuminate/Database/Connection.php(781): Illuminate\\Database\\Connection->handleQueryException()
#14 /home/mexy/Downloads/Vastora LMS v3.1.0/vendor/laravel/framework/src/Illuminate/Database/Connection.php(398): Illuminate\\Database\\Connection->run()
#15 /home/mexy/Downloads/Vastora LMS v3.1.0/vendor/laravel/framework/src/Illuminate/Database/Connection.php(344): Illuminate\\Database\\Connection->select()
#16 /home/mexy/Downloads/Vastora LMS v3.1.0/vendor/laravel/framework/src/Illuminate/Database/Connection.php(361): Illuminate\\Database\\Connection->selectOne()
#17 /home/mexy/Downloads/Vastora LMS v3.1.0/vendor/laravel/framework/src/Illuminate/Database/Schema/MySqlBuilder.php(45): Illuminate\\Database\\Connection->scalar()
#18 /home/mexy/Downloads/Vastora LMS v3.1.0/vendor/laravel/framework/src/Illuminate/Support/Facades/Facade.php(361): Illuminate\\Database\\Schema\\MySqlBuilder->hasTable()
#19 /home/mexy/Downloads/Vastora LMS v3.1.0/app/Providers/AppServiceProvider.php(50): Illuminate\\Support\\Facades\\Facade::__callStatic()
#20 /home/mexy/Downloads/Vastora LMS v3.1.0/vendor/laravel/framework/src/Illuminate/Container/BoundMethod.php(36): App\\Providers\\AppServiceProvider->boot()
#21 /home/mexy/Downloads/Vastora LMS v3.1.0/vendor/laravel/framework/src/Illuminate/Container/Util.php(43): Illuminate\\Container\\BoundMethod::{closure:Illuminate\\Container\\BoundMethod::call():35}()
#22 /home/mexy/Downloads/Vastora LMS v3.1.0/vendor/laravel/framework/src/Illuminate/Container/BoundMethod.php(95): Illuminate\\Container\\Util::unwrapIfClosure()
#23 /home/mexy/Downloads/Vastora LMS v3.1.0/vendor/laravel/framework/src/Illuminate/Container/BoundMethod.php(35): Illuminate\\Container\\BoundMethod::callBoundMethod()
#24 /home/mexy/Downloads/Vastora LMS v3.1.0/vendor/laravel/framework/src/Illuminate/Container/Container.php(696): Illuminate\\Container\\BoundMethod::call()
#25 /home/mexy/Downloads/Vastora LMS v3.1.0/vendor/laravel/framework/src/Illuminate/Foundation/Application.php(1151): Illuminate\\Container\\Container->call()
#26 /home/mexy/Downloads/Vastora LMS v3.1.0/vendor/laravel/framework/src/Illuminate/Foundation/Application.php(1132): Illuminate\\Foundation\\Application->bootProvider()
#27 [internal function]: Illuminate\\Foundation\\Application->{closure:Illuminate\\Foundation\\Application::boot():1131}()
#28 /home/mexy/Downloads/Vastora LMS v3.1.0/vendor/laravel/framework/src/Illuminate/Foundation/Application.php(1131): array_walk()
#29 /home/mexy/Downloads/Vastora LMS v3.1.0/vendor/laravel/framework/src/Illuminate/Foundation/Bootstrap/BootProviders.php(17): Illuminate\\Foundation\\Application->boot()
#30 /home/mexy/Downloads/Vastora LMS v3.1.0/vendor/laravel/framework/src/Illuminate/Foundation/Application.php(342): Illuminate\\Foundation\\Bootstrap\\BootProviders->bootstrap()
#31 /home/mexy/Downloads/Vastora LMS v3.1.0/vendor/laravel/framework/src/Illuminate/Foundation/Console/Kernel.php(474): Illuminate\\Foundation\\Application->bootstrapWith()
#32 /home/mexy/Downloads/Vastora LMS v3.1.0/vendor/laravel/framework/src/Illuminate/Foundation/Console/Kernel.php(196): Illuminate\\Foundation\\Console\\Kernel->bootstrap()
#33 /home/mexy/Downloads/Vastora LMS v3.1.0/vendor/laravel/framework/src/Illuminate/Foundation/Application.php(1235): Illuminate\\Foundation\\Console\\Kernel->handle()
#34 /home/mexy/Downloads/Vastora LMS v3.1.0/artisan(13): Illuminate\\Foundation\\Application->handleCommand()
#35 {main}
"} 
[2026-05-28 13:44:36] production.ERROR: SQLSTATE[HY000] [2002] No such file or directory (Connection: mysql, SQL: select exists (select 1 from information_schema.tables where table_schema = 'lernendb' and table_name = 'optionbuilder__settings' and table_type in ('BASE TABLE', 'SYSTEM VERSIONED')) as `exists`) {"exception":"[object] (Illuminate\\Database\\QueryException(code: 2002): SQLSTATE[HY000] [2002] No such file or directory (Connection: mysql, SQL: select exists (select 1 from information_schema.tables where table_schema = 'lernendb' and table_name = 'optionbuilder__settings' and table_type in ('BASE TABLE', 'SYSTEM VERSIONED')) as `exists`) at /home/mexy/Downloads/Vastora LMS v3.1.0/vendor/laravel/framework/src/Illuminate/Database/Connection.php:825)
[stacktrace]
#0 /home/mexy/Downloads/Vastora LMS v3.1.0/vendor/laravel/framework/src/Illuminate/Database/Connection.php(979): Illuminate\\Database\\Connection->runQueryCallback()
#1 /home/mexy/Downloads/Vastora LMS v3.1.0/vendor/laravel/framework/src/Illuminate/Database/Connection.php(958): Illuminate\\Database\\Connection->tryAgainIfCausedByLostConnection()
#2 /home/mexy/Downloads/Vastora LMS v3.1.0/vendor/laravel/framework/src/Illuminate/Database/Connection.php(781): Illuminate\\Database\\Connection->handleQueryException()
#3 /home/mexy/Downloads/Vastora LMS v3.1.0/vendor/laravel/framework/src/Illuminate/Database/Connection.php(398): Illuminate\\Database\\Connection->run()
#4 /home/mexy/Downloads/Vastora LMS v3.1.0/vendor/laravel/framework/src/Illuminate/Database/Connection.php(344): Illuminate\\Database\\Connection->select()
#5 /home/mexy/Downloads/Vastora LMS v3.1.0/vendor/laravel/framework/src/Illuminate/Database/Connection.php(361): Illuminate\\Database\\Connection->selectOne()
#6 /home/mexy/Downloads/Vastora LMS v3.1.0/vendor/laravel/framework/src/Illuminate/Database/Schema/MySqlBuilder.php(45): Illuminate\\Database\\Connection->scalar()
#7 /home/mexy/Downloads/Vastora LMS v3.1.0/vendor/laravel/framework/src/Illuminate/Support/Facades/Facade.php(361): Illuminate\\Database\\Schema\\MySqlBuilder->hasTable()
#8 /home/mexy/Downloads/Vastora LMS v3.1.0/app/Providers/AppServiceProvider.php(50): Illuminate\\Support\\Facades\\Facade::__callStatic()
#9 /home/mexy/Downloads/Vastora LMS v3.1.0/vendor/laravel/framework/src/Illuminate/Container/BoundMethod.php(36): App\\Providers\\AppServiceProvider->boot()
#10 /home/mexy/Downloads/Vastora LMS v3.1.0/vendor/laravel/framework/src/Illuminate/Container/Util.php(43): Illuminate\\Container\\BoundMethod::{closure:Illuminate\\Container\\BoundMethod::call():35}()
#11 /home/mexy/Downloads/Vastora LMS v3.1.0/vendor/laravel/framework/src/Illuminate/Container/BoundMethod.php(95): Illuminate\\Container\\Util::unwrapIfClosure()
#12 /home/mexy/Downloads/Vastora LMS v3.1.0/vendor/laravel/framework/src/Illuminate/Container/BoundMethod.php(35): Illuminate\\Container\\BoundMethod::callBoundMethod()
#13 /home/mexy/Downloads/Vastora LMS v3.1.0/vendor/laravel/framework/src/Illuminate/Container/Container.php(696): Illuminate\\Container\\BoundMethod::call()
#14 /home/mexy/Downloads/Vastora LMS v3.1.0/vendor/laravel/framework/src/Illuminate/Foundation/Application.php(1151): Illuminate\\Container\\Container->call()
#15 /home/mexy/Downloads/Vastora LMS v3.1.0/vendor/laravel/framework/src/Illuminate/Foundation/Application.php(1132): Illuminate\\Foundation\\Application->bootProvider()
#16 [internal function]: Illuminate\\Foundation\\Application->{closure:Illuminate\\Foundation\\Application::boot():1131}()
#17 /home/mexy/Downloads/Vastora LMS v3.1.0/vendor/laravel/framework/src/Illuminate/Foundation/Application.php(1131): array_walk()
#18 /home/mexy/Downloads/Vastora LMS v3.1.0/vendor/laravel/framework/src/Illuminate/Foundation/Bootstrap/BootProviders.php(17): Illuminate\\Foundation\\Application->boot()
#19 /home/mexy/Downloads/Vastora LMS v3.1.0/vendor/laravel/framework/src/Illuminate/Foundation/Application.php(342): Illuminate\\Foundation\\Bootstrap\\BootProviders->bootstrap()
#20 /home/mexy/Downloads/Vastora LMS v3.1.0/vendor/laravel/framework/src/Illuminate/Foundation/Console/Kernel.php(474): Illuminate\\Foundation\\Application->bootstrapWith()
#21 /home/mexy/Downloads/Vastora LMS v3.1.0/vendor/laravel/framework/src/Illuminate/Foundation/Console/Kernel.php(196): Illuminate\\Foundation\\Console\\Kernel->bootstrap()
#22 /home/mexy/Downloads/Vastora LMS v3.1.0/vendor/laravel/framework/src/Illuminate/Foundation/Application.php(1235): Illuminate\\Foundation\\Console\\Kernel->handle()
#23 /home/mexy/Downloads/Vastora LMS v3.1.0/artisan(13): Illuminate\\Foundation\\Application->handleCommand()
#24 {main}

[previous exception] [object] (PDOException(code: 2002): SQLSTATE[HY000] [2002] No such file or directory at /home/mexy/Downloads/Vastora LMS v3.1.0/vendor/laravel/framework/src/Illuminate/Database/Connectors/Connector.php:67)
[stacktrace]
#0 /home/mexy/Downloads/Vastora LMS v3.1.0/vendor/laravel/framework/src/Illuminate/Database/Connectors/Connector.php(67): PDO::connect()
#1 /home/mexy/Downloads/Vastora LMS v3.1.0/vendor/laravel/framework/src/Illuminate/Database/Connectors/Connector.php(85): Illuminate\\Database\\Connectors\\Connector->createPdoConnection()
#2 /home/mexy/Downloads/Vastora LMS v3.1.0/vendor/laravel/framework/src/Illuminate/Database/Connectors/Connector.php(48): Illuminate\\Database\\Connectors\\Connector->tryAgainIfCausedByLostConnection()
#3 /home/mexy/Downloads/Vastora LMS v3.1.0/vendor/laravel/framework/src/Illuminate/Database/Connectors/MySqlConnector.php(24): Illuminate\\Database\\Connectors\\Connector->createConnection()
#4 /home/mexy/Downloads/Vastora LMS v3.1.0/vendor/laravel/framework/src/Illuminate/Database/Connectors/ConnectionFactory.php(185): Illuminate\\Database\\Connectors\\MySqlConnector->connect()
#5 [internal function]: Illuminate\\Database\\Connectors\\ConnectionFactory->{closure:Illuminate\\Database\\Connectors\\ConnectionFactory::createPdoResolverWithHosts():180}()
#6 /home/mexy/Downloads/Vastora LMS v3.1.0/vendor/laravel/framework/src/Illuminate/Database/Connection.php(1231): call_user_func()
#7 /home/mexy/Downloads/Vastora LMS v3.1.0/vendor/laravel/framework/src/Illuminate/Database/Connection.php(1267): Illuminate\\Database\\Connection->getPdo()
#8 /home/mexy/Downloads/Vastora LMS v3.1.0/vendor/laravel/framework/src/Illuminate/Database/Connection.php(512): Illuminate\\Database\\Connection->getReadPdo()
#9 /home/mexy/Downloads/Vastora LMS v3.1.0/vendor/laravel/framework/src/Illuminate/Database/Connection.php(407): Illuminate\\Database\\Connection->getPdoForSelect()
#10 /home/mexy/Downloads/Vastora LMS v3.1.0/vendor/laravel/framework/src/Illuminate/Database/Connection.php(812): Illuminate\\Database\\Connection->{closure:Illuminate\\Database\\Connection::select():398}()
#11 /home/mexy/Downloads/Vastora LMS v3.1.0/vendor/laravel/framework/src/Illuminate/Database/Connection.php(979): Illuminate\\Database\\Connection->runQueryCallback()
#12 /home/mexy/Downloads/Vastora LMS v3.1.0/vendor/laravel/framework/src/Illuminate/Database/Connection.php(958): Illuminate\\Database\\Connection->tryAgainIfCausedByLostConnection()
#13 /home/mexy/Downloads/Vastora LMS v3.1.0/vendor/laravel/framework/src/Illuminate/Database/Connection.php(781): Illuminate\\Database\\Connection->handleQueryException()
#14 /home/mexy/Downloads/Vastora LMS v3.1.0/vendor/laravel/framework/src/Illuminate/Database/Connection.php(398): Illuminate\\Database\\Connection->run()
#15 /home/mexy/Downloads/Vastora LMS v3.1.0/vendor/laravel/framework/src/Illuminate/Database/Connection.php(344): Illuminate\\Database\\Connection->select()
#16 /home/mexy/Downloads/Vastora LMS v3.1.0/vendor/laravel/framework/src/Illuminate/Database/Connection.php(361): Illuminate\\Database\\Connection->selectOne()
#17 /home/mexy/Downloads/Vastora LMS v3.1.0/vendor/laravel/framework/src/Illuminate/Database/Schema/MySqlBuilder.php(45): Illuminate\\Database\\Connection->scalar()
#18 /home/mexy/Downloads/Vastora LMS v3.1.0/vendor/laravel/framework/src/Illuminate/Support/Facades/Facade.php(361): Illuminate\\Database\\Schema\\MySqlBuilder->hasTable()
#19 /home/mexy/Downloads/Vastora LMS v3.1.0/app/Providers/AppServiceProvider.php(50): Illuminate\\Support\\Facades\\Facade::__callStatic()
#20 /home/mexy/Downloads/Vastora LMS v3.1.0/vendor/laravel/framework/src/Illuminate/Container/BoundMethod.php(36): App\\Providers\\AppServiceProvider->boot()
#21 /home/mexy/Downloads/Vastora LMS v3.1.0/vendor/laravel/framework/src/Illuminate/Container/Util.php(43): Illuminate\\Container\\BoundMethod::{closure:Illuminate\\Container\\BoundMethod::call():35}()
#22 /home/mexy/Downloads/Vastora LMS v3.1.0/vendor/laravel/framework/src/Illuminate/Container/BoundMethod.php(95): Illuminate\\Container\\Util::unwrapIfClosure()
#23 /home/mexy/Downloads/Vastora LMS v3.1.0/vendor/laravel/framework/src/Illuminate/Container/BoundMethod.php(35): Illuminate\\Container\\BoundMethod::callBoundMethod()
#24 /home/mexy/Downloads/Vastora LMS v3.1.0/vendor/laravel/framework/src/Illuminate/Container/Container.php(696): Illuminate\\Container\\BoundMethod::call()
#25 /home/mexy/Downloads/Vastora LMS v3.1.0/vendor/laravel/framework/src/Illuminate/Foundation/Application.php(1151): Illuminate\\Container\\Container->call()
#26 /home/mexy/Downloads/Vastora LMS v3.1.0/vendor/laravel/framework/src/Illuminate/Foundation/Application.php(1132): Illuminate\\Foundation\\Application->bootProvider()
#27 [internal function]: Illuminate\\Foundation\\Application->{closure:Illuminate\\Foundation\\Application::boot():1131}()
#28 /home/mexy/Downloads/Vastora LMS v3.1.0/vendor/laravel/framework/src/Illuminate/Foundation/Application.php(1131): array_walk()
#29 /home/mexy/Downloads/Vastora LMS v3.1.0/vendor/laravel/framework/src/Illuminate/Foundation/Bootstrap/BootProviders.php(17): Illuminate\\Foundation\\Application->boot()
#30 /home/mexy/Downloads/Vastora LMS v3.1.0/vendor/laravel/framework/src/Illuminate/Foundation/Application.php(342): Illuminate\\Foundation\\Bootstrap\\BootProviders->bootstrap()
#31 /home/mexy/Downloads/Vastora LMS v3.1.0/vendor/laravel/framework/src/Illuminate/Foundation/Console/Kernel.php(474): Illuminate\\Foundation\\Application->bootstrapWith()
#32 /home/mexy/Downloads/Vastora LMS v3.1.0/vendor/laravel/framework/src/Illuminate/Foundation/Console/Kernel.php(196): Illuminate\\Foundation\\Console\\Kernel->bootstrap()
#33 /home/mexy/Downloads/Vastora LMS v3.1.0/vendor/laravel/framework/src/Illuminate/Foundation/Application.php(1235): Illuminate\\Foundation\\Console\\Kernel->handle()
#34 /home/mexy/Downloads/Vastora LMS v3.1.0/artisan(13): Illuminate\\Foundation\\Application->handleCommand()
#35 {main}
"} 
[2026-05-28 16:53:15] production.ERROR: SQLSTATE[HY000] [2002] No such file or directory (Connection: mysql, SQL: select exists (select 1 from information_schema.tables where table_schema = 'lernendb' and table_name = 'optionbuilder__settings' and table_type in ('BASE TABLE', 'SYSTEM VERSIONED')) as `exists`) {"exception":"[object] (Illuminate\\Database\\QueryException(code: 2002): SQLSTATE[HY000] [2002] No such file or directory (Connection: mysql, SQL: select exists (select 1 from information_schema.tables where table_schema = 'lernendb' and table_name = 'optionbuilder__settings' and table_type in ('BASE TABLE', 'SYSTEM VERSIONED')) as `exists`) at /home/mexy/Downloads/Vastora LMS v3.1.0/vendor/laravel/framework/src/Illuminate/Database/Connection.php:825)
[stacktrace]
#0 /home/mexy/Downloads/Vastora LMS v3.1.0/vendor/laravel/framework/src/Illuminate/Database/Connection.php(979): Illuminate\\Database\\Connection->runQueryCallback()
#1 /home/mexy/Downloads/Vastora LMS v3.1.0/vendor/laravel/framework/src/Illuminate/Database/Connection.php(958): Illuminate\\Database\\Connection->tryAgainIfCausedByLostConnection()
#2 /home/mexy/Downloads/Vastora LMS v3.1.0/vendor/laravel/framework/src/Illuminate/Database/Connection.php(781): Illuminate\\Database\\Connection->handleQueryException()
#3 /home/mexy/Downloads/Vastora LMS v3.1.0/vendor/laravel/framework/src/Illuminate/Database/Connection.php(398): Illuminate\\Database\\Connection->run()
#4 /home/mexy/Downloads/Vastora LMS v3.1.0/vendor/laravel/framework/src/Illuminate/Database/Connection.php(344): Illuminate\\Database\\Connection->select()
#5 /home/mexy/Downloads/Vastora LMS v3.1.0/vendor/laravel/framework/src/Illuminate/Database/Connection.php(361): Illuminate\\Database\\Connection->selectOne()
#6 /home/mexy/Downloads/Vastora LMS v3.1.0/vendor/laravel/framework/src/Illuminate/Database/Schema/MySqlBuilder.php(45): Illuminate\\Database\\Connection->scalar()
#7 /home/mexy/Downloads/Vastora LMS v3.1.0/vendor/laravel/framework/src/Illuminate/Support/Facades/Facade.php(361): Illuminate\\Database\\Schema\\MySqlBuilder->hasTable()
#8 /home/mexy/Downloads/Vastora LMS v3.1.0/app/Providers/AppServiceProvider.php(50): Illuminate\\Support\\Facades\\Facade::__callStatic()
#9 /home/mexy/Downloads/Vastora LMS v3.1.0/vendor/laravel/framework/src/Illuminate/Container/BoundMethod.php(36): App\\Providers\\AppServiceProvider->boot()
#10 /home/mexy/Downloads/Vastora LMS v3.1.0/vendor/laravel/framework/src/Illuminate/Container/Util.php(43): Illuminate\\Container\\BoundMethod::{closure:Illuminate\\Container\\BoundMethod::call():35}()
#11 /home/mexy/Downloads/Vastora LMS v3.1.0/vendor/laravel/framework/src/Illuminate/Container/BoundMethod.php(95): Illuminate\\Container\\Util::unwrapIfClosure()
#12 /home/mexy/Downloads/Vastora LMS v3.1.0/vendor/laravel/framework/src/Illuminate/Container/BoundMethod.php(35): Illuminate\\Container\\BoundMethod::callBoundMethod()
#13 /home/mexy/Downloads/Vastora LMS v3.1.0/vendor/laravel/framework/src/Illuminate/Container/Container.php(696): Illuminate\\Container\\BoundMethod::call()
#14 /home/mexy/Downloads/Vastora LMS v3.1.0/vendor/laravel/framework/src/Illuminate/Foundation/Application.php(1151): Illuminate\\Container\\Container->call()
#15 /home/mexy/Downloads/Vastora LMS v3.1.0/vendor/laravel/framework/src/Illuminate/Foundation/Application.php(1132): Illuminate\\Foundation\\Application->bootProvider()
#16 [internal function]: Illuminate\\Foundation\\Application->{closure:Illuminate\\Foundation\\Application::boot():1131}()
#17 /home/mexy/Downloads/Vastora LMS v3.1.0/vendor/laravel/framework/src/Illuminate/Foundation/Application.php(1131): array_walk()
#18 /home/mexy/Downloads/Vastora LMS v3.1.0/vendor/laravel/framework/src/Illuminate/Foundation/Bootstrap/BootProviders.php(17): Illuminate\\Foundation\\Application->boot()
#19 /home/mexy/Downloads/Vastora LMS v3.1.0/vendor/laravel/framework/src/Illuminate/Foundation/Application.php(342): Illuminate\\Foundation\\Bootstrap\\BootProviders->bootstrap()
#20 /home/mexy/Downloads/Vastora LMS v3.1.0/vendor/laravel/framework/src/Illuminate/Foundation/Console/Kernel.php(474): Illuminate\\Foundation\\Application->bootstrapWith()
#21 /home/mexy/Downloads/Vastora LMS v3.1.0/vendor/laravel/framework/src/Illuminate/Foundation/Console/Kernel.php(196): Illuminate\\Foundation\\Console\\Kernel->bootstrap()
#22 /home/mexy/Downloads/Vastora LMS v3.1.0/vendor/laravel/framework/src/Illuminate/Foundation/Application.php(1235): Illuminate\\Foundation\\Console\\Kernel->handle()
#23 /home/mexy/Downloads/Vastora LMS v3.1.0/artisan(13): Illuminate\\Foundation\\Application->handleCommand()
#24 {main}

[previous exception] [object] (PDOException(code: 2002): SQLSTATE[HY000] [2002] No such file or directory at /home/mexy/Downloads/Vastora LMS v3.1.0/vendor/laravel/framework/src/Illuminate/Database/Connectors/Connector.php:67)
[stacktrace]
#0 /home/mexy/Downloads/Vastora LMS v3.1.0/vendor/laravel/framework/src/Illuminate/Database/Connectors/Connector.php(67): PDO::connect()
#1 /home/mexy/Downloads/Vastora LMS v3.1.0/vendor/laravel/framework/src/Illuminate/Database/Connectors/Connector.php(85): Illuminate\\Database\\Connectors\\Connector->createPdoConnection()
#2 /home/mexy/Downloads/Vastora LMS v3.1.0/vendor/laravel/framework/src/Illuminate/Database/Connectors/Connector.php(48): Illuminate\\Database\\Connectors\\Connector->tryAgainIfCausedByLostConnection()
#3 /home/mexy/Downloads/Vastora LMS v3.1.0/vendor/laravel/framework/src/Illuminate/Database/Connectors/MySqlConnector.php(24): Illuminate\\Database\\Connectors\\Connector->createConnection()
#4 /home/mexy/Downloads/Vastora LMS v3.1.0/vendor/laravel/framework/src/Illuminate/Database/Connectors/ConnectionFactory.php(185): Illuminate\\Database\\Connectors\\MySqlConnector->connect()
#5 [internal function]: Illuminate\\Database\\Connectors\\ConnectionFactory->{closure:Illuminate\\Database\\Connectors\\ConnectionFactory::createPdoResolverWithHosts():180}()
#6 /home/mexy/Downloads/Vastora LMS v3.1.0/vendor/laravel/framework/src/Illuminate/Database/Connection.php(1231): call_user_func()
#7 /home/mexy/Downloads/Vastora LMS v3.1.0/vendor/laravel/framework/src/Illuminate/Database/Connection.php(1267): Illuminate\\Database\\Connection->getPdo()
#8 /home/mexy/Downloads/Vastora LMS v3.1.0/vendor/laravel/framework/src/Illuminate/Database/Connection.php(512): Illuminate\\Database\\Connection->getReadPdo()
#9 /home/mexy/Downloads/Vastora LMS v3.1.0/vendor/laravel/framework/src/Illuminate/Database/Connection.php(407): Illuminate\\Database\\Connection->getPdoForSelect()
#10 /home/mexy/Downloads/Vastora LMS v3.1.0/vendor/laravel/framework/src/Illuminate/Database/Connection.php(812): Illuminate\\Database\\Connection->{closure:Illuminate\\Database\\Connection::select():398}()
#11 /home/mexy/Downloads/Vastora LMS v3.1.0/vendor/laravel/framework/src/Illuminate/Database/Connection.php(979): Illuminate\\Database\\Connection->runQueryCallback()
#12 /home/mexy/Downloads/Vastora LMS v3.1.0/vendor/laravel/framework/src/Illuminate/Database/Connection.php(958): Illuminate\\Database\\Connection->tryAgainIfCausedByLostConnection()
#13 /home/mexy/Downloads/Vastora LMS v3.1.0/vendor/laravel/framework/src/Illuminate/Database/Connection.php(781): Illuminate\\Database\\Connection->handleQueryException()
#14 /home/mexy/Downloads/Vastora LMS v3.1.0/vendor/laravel/framework/src/Illuminate/Database/Connection.php(398): Illuminate\\Database\\Connection->run()
#15 /home/mexy/Downloads/Vastora LMS v3.1.0/vendor/laravel/framework/src/Illuminate/Database/Connection.php(344): Illuminate\\Database\\Connection->select()
#16 /home/mexy/Downloads/Vastora LMS v3.1.0/vendor/laravel/framework/src/Illuminate/Database/Connection.php(361): Illuminate\\Database\\Connection->selectOne()
#17 /home/mexy/Downloads/Vastora LMS v3.1.0/vendor/laravel/framework/src/Illuminate/Database/Schema/MySqlBuilder.php(45): Illuminate\\Database\\Connection->scalar()
#18 /home/mexy/Downloads/Vastora LMS v3.1.0/vendor/laravel/framework/src/Illuminate/Support/Facades/Facade.php(361): Illuminate\\Database\\Schema\\MySqlBuilder->hasTable()
#19 /home/mexy/Downloads/Vastora LMS v3.1.0/app/Providers/AppServiceProvider.php(50): Illuminate\\Support\\Facades\\Facade::__callStatic()
#20 /home/mexy/Downloads/Vastora LMS v3.1.0/vendor/laravel/framework/src/Illuminate/Container/BoundMethod.php(36): App\\Providers\\AppServiceProvider->boot()
#21 /home/mexy/Downloads/Vastora LMS v3.1.0/vendor/laravel/framework/src/Illuminate/Container/Util.php(43): Illuminate\\Container\\BoundMethod::{closure:Illuminate\\Container\\BoundMethod::call():35}()
#22 /home/mexy/Downloads/Vastora LMS v3.1.0/vendor/laravel/framework/src/Illuminate/Container/BoundMethod.php(95): Illuminate\\Container\\Util::unwrapIfClosure()
#23 /home/mexy/Downloads/Vastora LMS v3.1.0/vendor/laravel/framework/src/Illuminate/Container/BoundMethod.php(35): Illuminate\\Container\\BoundMethod::callBoundMethod()
#24 /home/mexy/Downloads/Vastora LMS v3.1.0/vendor/laravel/framework/src/Illuminate/Container/Container.php(696): Illuminate\\Container\\BoundMethod::call()
#25 /home/mexy/Downloads/Vastora LMS v3.1.0/vendor/laravel/framework/src/Illuminate/Foundation/Application.php(1151): Illuminate\\Container\\Container->call()
#26 /home/mexy/Downloads/Vastora LMS v3.1.0/vendor/laravel/framework/src/Illuminate/Foundation/Application.php(1132): Illuminate\\Foundation\\Application->bootProvider()
#27 [internal function]: Illuminate\\Foundation\\Application->{closure:Illuminate\\Foundation\\Application::boot():1131}()
#28 /home/mexy/Downloads/Vastora LMS v3.1.0/vendor/laravel/framework/src/Illuminate/Foundation/Application.php(1131): array_walk()
#29 /home/mexy/Downloads/Vastora LMS v3.1.0/vendor/laravel/framework/src/Illuminate/Foundation/Bootstrap/BootProviders.php(17): Illuminate\\Foundation\\Application->boot()
#30 /home/mexy/Downloads/Vastora LMS v3.1.0/vendor/laravel/framework/src/Illuminate/Foundation/Application.php(342): Illuminate\\Foundation\\Bootstrap\\BootProviders->bootstrap()
#31 /home/mexy/Downloads/Vastora LMS v3.1.0/vendor/laravel/framework/src/Illuminate/Foundation/Console/Kernel.php(474): Illuminate\\Foundation\\Application->bootstrapWith()
#32 /home/mexy/Downloads/Vastora LMS v3.1.0/vendor/laravel/framework/src/Illuminate/Foundation/Console/Kernel.php(196): Illuminate\\Foundation\\Console\\Kernel->bootstrap()
#33 /home/mexy/Downloads/Vastora LMS v3.1.0/vendor/laravel/framework/src/Illuminate/Foundation/Application.php(1235): Illuminate\\Foundation\\Console\\Kernel->handle()
#34 /home/mexy/Downloads/Vastora LMS v3.1.0/artisan(13): Illuminate\\Foundation\\Application->handleCommand()
#35 {main}
"} 
[2026-05-28 17:07:09] production.ERROR: fileperms(): stat failed for /home/mexy/Downloads/Vastora LMS v3.1.0/storage/app/ {"exception":"[object] (ErrorException(code: 0): fileperms(): stat failed for /home/mexy/Downloads/Vastora LMS v3.1.0/storage/app/ at /home/mexy/Downloads/Vastora LMS v3.1.0/vendor/amentotech/laravel-installer/src/Helpers/PermissionsChecker.php:54)
[stacktrace]
#0 /home/mexy/Downloads/Vastora LMS v3.1.0/vendor/laravel/framework/src/Illuminate/Foundation/Bootstrap/HandleExceptions.php(258): Illuminate\\Foundation\\Bootstrap\\HandleExceptions->handleError()
#1 [internal function]: Illuminate\\Foundation\\Bootstrap\\HandleExceptions->{closure:Illuminate\\Foundation\\Bootstrap\\HandleExceptions::forwardsTo():257}()
#2 /home/mexy/Downloads/Vastora LMS v3.1.0/vendor/amentotech/laravel-installer/src/Helpers/PermissionsChecker.php(54): fileperms()
#3 /home/mexy/Downloads/Vastora LMS v3.1.0/vendor/amentotech/laravel-installer/src/Helpers/PermissionsChecker.php(34): Froiden\\LaravelInstaller\\Helpers\\PermissionsChecker->getPermission()
#4 /home/mexy/Downloads/Vastora LMS v3.1.0/vendor/amentotech/laravel-installer/src/Controllers/PermissionsController.php(32): Froiden\\LaravelInstaller\\Helpers\\PermissionsChecker->check()
#5 /home/mexy/Downloads/Vastora LMS v3.1.0/vendor/laravel/framework/src/Illuminate/Routing/Controller.php(54): Froiden\\LaravelInstaller\\Controllers\\PermissionsController->permissions()
#6 /home/mexy/Downloads/Vastora LMS v3.1.0/vendor/laravel/framework/src/Illuminate/Routing/ControllerDispatcher.php(44): Illuminate\\Routing\\Controller->callAction()
#7 /home/mexy/Downloads/Vastora LMS v3.1.0/vendor/laravel/framework/src/Illuminate/Routing/Route.php(266): Illuminate\\Routing\\ControllerDispatcher->dispatch()
#8 /home/mexy/Downloads/Vastora LMS v3.1.0/vendor/laravel/framework/src/Illuminate/Routing/Route.php(212): Illuminate\\Routing\\Route->runController()
#9 /home/mexy/Downloads/Vastora LMS v3.1.0/vendor/laravel/framework/src/Illuminate/Routing/Router.php(808): Illuminate\\Routing\\Route->run()
#10 /home/mexy/Downloads/Vastora LMS v3.1.0/vendor/laravel/framework/src/Illuminate/Pipeline/Pipeline.php(170): Illuminate\\Routing\\Router->{closure:Illuminate\\Routing\\Router::runRouteWithinStack():807}()
#11 /home/mexy/Downloads/Vastora LMS v3.1.0/vendor/amentotech/laravel-installer/src/Middleware/canInstall.php(31): Illuminate\\Pipeline\\Pipeline->{closure:Illuminate\\Pipeline\\Pipeline::prepareDestination():168}()
#12 /home/mexy/Downloads/Vastora LMS v3.1.0/vendor/laravel/framework/src/Illuminate/Pipeline/Pipeline.php(209): Froiden\\LaravelInstaller\\Middleware\\canInstall->handle()
#13 /home/mexy/Downloads/Vastora LMS v3.1.0/vendor/laravel/framework/src/Illuminate/Routing/Middleware/SubstituteBindings.php(51): Illuminate\\Pipeline\\Pipeline->{closure:{closure:Illuminate\\Pipeline\\Pipeline::carry():184}:185}()
#14 /home/mexy/Downloads/Vastora LMS v3.1.0/vendor/laravel/framework/src/Illuminate/Pipeline/Pipeline.php(209): Illuminate\\Routing\\Middleware\\SubstituteBindings->handle()
#15 /home/mexy/Downloads/Vastora LMS v3.1.0/vendor/laravel/framework/src/Illuminate/Foundation/Http/Middleware/VerifyCsrfToken.php(88): Illuminate\\Pipeline\\Pipeline->{closure:{closure:Illuminate\\Pipeline\\Pipeline::carry():184}:185}()
#16 /home/mexy/Downloads/Vastora LMS v3.1.0/vendor/laravel/framework/src/Illuminate/Pipeline/Pipeline.php(209): Illuminate\\Foundation\\Http\\Middleware\\VerifyCsrfToken->handle()
#17 /home/mexy/Downloads/Vastora LMS v3.1.0/vendor/laravel/framework/src/Illuminate/View/Middleware/ShareErrorsFromSession.php(49): Illuminate\\Pipeline\\Pipeline->{closure:{closure:Illuminate\\Pipeline\\Pipeline::carry():184}:185}()
#18 /home/mexy/Downloads/Vastora LMS v3.1.0/vendor/laravel/framework/src/Illuminate/Pipeline/Pipeline.php(209): Illuminate\\View\\Middleware\\ShareErrorsFromSession->handle()
#19 /home/mexy/Downloads/Vastora LMS v3.1.0/vendor/laravel/framework/src/Illuminate/Session/Middleware/StartSession.php(121): Illuminate\\Pipeline\\Pipeline->{closure:{closure:Illuminate\\Pipeline\\Pipeline::carry():184}:185}()
#20 /home/mexy/Downloads/Vastora LMS v3.1.0/vendor/laravel/framework/src/Illuminate/Session/Middleware/StartSession.php(64): Illuminate\\Session\\Middleware\\StartSession->handleStatefulRequest()
#21 /home/mexy/Downloads/Vastora LMS v3.1.0/vendor/laravel/framework/src/Illuminate/Pipeline/Pipeline.php(209): Illuminate\\Session\\Middleware\\StartSession->handle()
#22 /home/mexy/Downloads/Vastora LMS v3.1.0/vendor/laravel/framework/src/Illuminate/Cookie/Middleware/AddQueuedCookiesToResponse.php(37): Illuminate\\Pipeline\\Pipeline->{closure:{closure:Illuminate\\Pipeline\\Pipeline::carry():184}:185}()
#23 /home/mexy/Downloads/Vastora LMS v3.1.0/vendor/laravel/framework/src/Illuminate/Pipeline/Pipeline.php(209): Illuminate\\Cookie\\Middleware\\AddQueuedCookiesToResponse->handle()
#24 /home/mexy/Downloads/Vastora LMS v3.1.0/vendor/laravel/framework/src/Illuminate/Cookie/Middleware/EncryptCookies.php(75): Illuminate\\Pipeline\\Pipeline->{closure:{closure:Illuminate\\Pipeline\\Pipeline::carry():184}:185}()
#25 /home/mexy/Downloads/Vastora LMS v3.1.0/vendor/laravel/framework/src/Illuminate/Pipeline/Pipeline.php(209): Illuminate\\Cookie\\Middleware\\EncryptCookies->handle()
#26 /home/mexy/Downloads/Vastora LMS v3.1.0/vendor/laravel/framework/src/Illuminate/Pipeline/Pipeline.php(127): Illuminate\\Pipeline\\Pipeline->{closure:{closure:Illuminate\\Pipeline\\Pipeline::carry():184}:185}()
#27 /home/mexy/Downloads/Vastora LMS v3.1.0/vendor/laravel/framework/src/Illuminate/Routing/Router.php(807): Illuminate\\Pipeline\\Pipeline->then()
#28 /home/mexy/Downloads/Vastora LMS v3.1.0/vendor/laravel/framework/src/Illuminate/Routing/Router.php(786): Illuminate\\Routing\\Router->runRouteWithinStack()
#29 /home/mexy/Downloads/Vastora LMS v3.1.0/vendor/laravel/framework/src/Illuminate/Routing/Router.php(750): Illuminate\\Routing\\Router->runRoute()
#30 /home/mexy/Downloads/Vastora LMS v3.1.0/vendor/laravel/framework/src/Illuminate/Routing/Router.php(739): Illuminate\\Routing\\Router->dispatchToRoute()
#31 /home/mexy/Downloads/Vastora LMS v3.1.0/vendor/laravel/framework/src/Illuminate/Foundation/Http/Kernel.php(201): Illuminate\\Routing\\Router->dispatch()
#32 /home/mexy/Downloads/Vastora LMS v3.1.0/vendor/laravel/framework/src/Illuminate/Pipeline/Pipeline.php(170): Illuminate\\Foundation\\Http\\Kernel->{closure:Illuminate\\Foundation\\Http\\Kernel::dispatchToRouter():198}()
#33 /home/mexy/Downloads/Vastora LMS v3.1.0/vendor/livewire/livewire/src/Features/SupportDisablingBackButtonCache/DisableBackButtonCacheMiddleware.php(19): Illuminate\\Pipeline\\Pipeline->{closure:Illuminate\\Pipeline\\Pipeline::prepareDestination():168}()
#34 /home/mexy/Downloads/Vastora LMS v3.1.0/vendor/laravel/framework/src/Illuminate/Pipeline/Pipeline.php(209): Livewire\\Features\\SupportDisablingBackButtonCache\\DisableBackButtonCacheMiddleware->handle()
#35 /home/mexy/Downloads/Vastora LMS v3.1.0/vendor/laravel/framework/src/Illuminate/Foundation/Http/Middleware/TransformsRequest.php(21): Illuminate\\Pipeline\\Pipeline->{closure:{closure:Illuminate\\Pipeline\\Pipeline::carry():184}:185}()
#36 /home/mexy/Downloads/Vastora LMS v3.1.0/vendor/laravel/framework/src/Illuminate/Foundation/Http/Middleware/ConvertEmptyStringsToNull.php(31): Illuminate\\Foundation\\Http\\Middleware\\TransformsRequest->handle()
#37 /home/mexy/Downloads/Vastora LMS v3.1.0/vendor/laravel/framework/src/Illuminate/Pipeline/Pipeline.php(209): Illuminate\\Foundation\\Http\\Middleware\\ConvertEmptyStringsToNull->handle()
#38 /home/mexy/Downloads/Vastora LMS v3.1.0/vendor/laravel/framework/src/Illuminate/Foundation/Http/Middleware/TransformsRequest.php(21): Illuminate\\Pipeline\\Pipeline->{closure:{closure:Illuminate\\Pipeline\\Pipeline::carry():184}:185}()
#39 /home/mexy/Downloads/Vastora LMS v3.1.0/vendor/laravel/framework/src/Illuminate/Foundation/Http/Middleware/TrimStrings.php(51): Illuminate\\Foundation\\Http\\Middleware\\TransformsRequest->handle()
#40 /home/mexy/Downloads/Vastora LMS v3.1.0/vendor/laravel/framework/src/Illuminate/Pipeline/Pipeline.php(209): Illuminate\\Foundation\\Http\\Middleware\\TrimStrings->handle()
#41 /home/mexy/Downloads/Vastora LMS v3.1.0/vendor/laravel/framework/src/Illuminate/Http/Middleware/ValidatePostSize.php(27): Illuminate\\Pipeline\\Pipeline->{closure:{closure:Illuminate\\Pipeline\\Pipeline::carry():184}:185}()
#42 /home/mexy/Downloads/Vastora LMS v3.1.0/vendor/laravel/framework/src/Illuminate/Pipeline/Pipeline.php(209): Illuminate\\Http\\Middleware\\ValidatePostSize->handle()
#43 /home/mexy/Downloads/Vastora LMS v3.1.0/vendor/laravel/framework/src/Illuminate/Foundation/Http/Middleware/PreventRequestsDuringMaintenance.php(110): Illuminate\\Pipeline\\Pipeline->{closure:{closure:Illuminate\\Pipeline\\Pipeline::carry():184}:185}()
#44 /home/mexy/Downloads/Vastora LMS v3.1.0/vendor/laravel/framework/src/Illuminate/Pipeline/Pipeline.php(209): Illuminate\\Foundation\\Http\\Middleware\\PreventRequestsDuringMaintenance->handle()
#45 /home/mexy/Downloads/Vastora LMS v3.1.0/vendor/laravel/framework/src/Illuminate/Http/Middleware/HandleCors.php(49): Illuminate\\Pipeline\\Pipeline->{closure:{closure:Illuminate\\Pipeline\\Pipeline::carry():184}:185}()
#46 /home/mexy/Downloads/Vastora LMS v3.1.0/vendor/laravel/framework/src/Illuminate/Pipeline/Pipeline.php(209): Illuminate\\Http\\Middleware\\HandleCors->handle()
#47 /home/mexy/Downloads/Vastora LMS v3.1.0/vendor/laravel/framework/src/Illuminate/Http/Middleware/TrustProxies.php(58): Illuminate\\Pipeline\\Pipeline->{closure:{closure:Illuminate\\Pipeline\\Pipeline::carry():184}:185}()
#48 /home/mexy/Downloads/Vastora LMS v3.1.0/vendor/laravel/framework/src/Illuminate/Pipeline/Pipeline.php(209): Illuminate\\Http\\Middleware\\TrustProxies->handle()
#49 /home/mexy/Downloads/Vastora LMS v3.1.0/vendor/laravel/framework/src/Illuminate/Foundation/Http/Middleware/InvokeDeferredCallbacks.php(22): Illuminate\\Pipeline\\Pipeline->{closure:{closure:Illuminate\\Pipeline\\Pipeline::carry():184}:185}()
#50 /home/mexy/Downloads/Vastora LMS v3.1.0/vendor/laravel/framework/src/Illuminate/Pipeline/Pipeline.php(209): Illuminate\\Foundation\\Http\\Middleware\\InvokeDeferredCallbacks->handle()
#51 /home/mexy/Downloads/Vastora LMS v3.1.0/vendor/laravel/framework/src/Illuminate/Pipeline/Pipeline.php(127): Illuminate\\Pipeline\\Pipeline->{closure:{closure:Illuminate\\Pipeline\\Pipeline::carry():184}:185}()
#52 /home/mexy/Downloads/Vastora LMS v3.1.0/vendor/laravel/framework/src/Illuminate/Foundation/Http/Kernel.php(176): Illuminate\\Pipeline\\Pipeline->then()
#53 /home/mexy/Downloads/Vastora LMS v3.1.0/vendor/laravel/framework/src/Illuminate/Foundation/Http/Kernel.php(145): Illuminate\\Foundation\\Http\\Kernel->sendRequestThroughRouter()
#54 /home/mexy/Downloads/Vastora LMS v3.1.0/vendor/laravel/framework/src/Illuminate/Foundation/Application.php(1220): Illuminate\\Foundation\\Http\\Kernel->handle()
#55 /home/mexy/Downloads/Vastora LMS v3.1.0/public/index.php(17): Illuminate\\Foundation\\Application->handleRequest()
#56 /home/mexy/Downloads/Vastora LMS v3.1.0/vendor/laravel/framework/src/Illuminate/Foundation/resources/server.php(23): require_once('...')
#57 {main}
"} 
[2026-05-28 17:52:57] production.ERROR: fileperms(): stat failed for /home/mexy/Downloads/Vastora LMS v3.1.0/storage/app/ {"exception":"[object] (ErrorException(code: 0): fileperms(): stat failed for /home/mexy/Downloads/Vastora LMS v3.1.0/storage/app/ at /home/mexy/Downloads/Vastora LMS v3.1.0/vendor/amentotech/laravel-installer/src/Helpers/PermissionsChecker.php:54)
[stacktrace]
#0 /home/mexy/Downloads/Vastora LMS v3.1.0/vendor/laravel/framework/src/Illuminate/Foundation/Bootstrap/HandleExceptions.php(258): Illuminate\\Foundation\\Bootstrap\\HandleExceptions->handleError()
#1 [internal function]: Illuminate\\Foundation\\Bootstrap\\HandleExceptions->{closure:Illuminate\\Foundation\\Bootstrap\\HandleExceptions::forwardsTo():257}()
#2 /home/mexy/Downloads/Vastora LMS v3.1.0/vendor/amentotech/laravel-installer/src/Helpers/PermissionsChecker.php(54): fileperms()
#3 /home/mexy/Downloads/Vastora LMS v3.1.0/vendor/amentotech/laravel-installer/src/Helpers/PermissionsChecker.php(34): Froiden\\LaravelInstaller\\Helpers\\PermissionsChecker->getPermission()
#4 /home/mexy/Downloads/Vastora LMS v3.1.0/vendor/amentotech/laravel-installer/src/Controllers/PermissionsController.php(32): Froiden\\LaravelInstaller\\Helpers\\PermissionsChecker->check()
#5 /home/mexy/Downloads/Vastora LMS v3.1.0/vendor/laravel/framework/src/Illuminate/Routing/Controller.php(54): Froiden\\LaravelInstaller\\Controllers\\PermissionsController->permissions()
#6 /home/mexy/Downloads/Vastora LMS v3.1.0/vendor/laravel/framework/src/Illuminate/Routing/ControllerDispatcher.php(44): Illuminate\\Routing\\Controller->callAction()
#7 /home/mexy/Downloads/Vastora LMS v3.1.0/vendor/laravel/framework/src/Illuminate/Routing/Route.php(266): Illuminate\\Routing\\ControllerDispatcher->dispatch()
#8 /home/mexy/Downloads/Vastora LMS v3.1.0/vendor/laravel/framework/src/Illuminate/Routing/Route.php(212): Illuminate\\Routing\\Route->runController()
#9 /home/mexy/Downloads/Vastora LMS v3.1.0/vendor/laravel/framework/src/Illuminate/Routing/Router.php(808): Illuminate\\Routing\\Route->run()
#10 /home/mexy/Downloads/Vastora LMS v3.1.0/vendor/laravel/framework/src/Illuminate/Pipeline/Pipeline.php(170): Illuminate\\Routing\\Router->{closure:Illuminate\\Routing\\Router::runRouteWithinStack():807}()
#11 /home/mexy/Downloads/Vastora LMS v3.1.0/vendor/amentotech/laravel-installer/src/Middleware/canInstall.php(31): Illuminate\\Pipeline\\Pipeline->{closure:Illuminate\\Pipeline\\Pipeline::prepareDestination():168}()
#12 /home/mexy/Downloads/Vastora LMS v3.1.0/vendor/laravel/framework/src/Illuminate/Pipeline/Pipeline.php(209): Froiden\\LaravelInstaller\\Middleware\\canInstall->handle()
#13 /home/mexy/Downloads/Vastora LMS v3.1.0/vendor/laravel/framework/src/Illuminate/Routing/Middleware/SubstituteBindings.php(51): Illuminate\\Pipeline\\Pipeline->{closure:{closure:Illuminate\\Pipeline\\Pipeline::carry():184}:185}()
#14 /home/mexy/Downloads/Vastora LMS v3.1.0/vendor/laravel/framework/src/Illuminate/Pipeline/Pipeline.php(209): Illuminate\\Routing\\Middleware\\SubstituteBindings->handle()
#15 /home/mexy/Downloads/Vastora LMS v3.1.0/vendor/laravel/framework/src/Illuminate/Foundation/Http/Middleware/VerifyCsrfToken.php(88): Illuminate\\Pipeline\\Pipeline->{closure:{closure:Illuminate\\Pipeline\\Pipeline::carry():184}:185}()
#16 /home/mexy/Downloads/Vastora LMS v3.1.0/vendor/laravel/framework/src/Illuminate/Pipeline/Pipeline.php(209): Illuminate\\Foundation\\Http\\Middleware\\VerifyCsrfToken->handle()
#17 /home/mexy/Downloads/Vastora LMS v3.1.0/vendor/laravel/framework/src/Illuminate/View/Middleware/ShareErrorsFromSession.php(49): Illuminate\\Pipeline\\Pipeline->{closure:{closure:Illuminate\\Pipeline\\Pipeline::carry():184}:185}()
#18 /home/mexy/Downloads/Vastora LMS v3.1.0/vendor/laravel/framework/src/Illuminate/Pipeline/Pipeline.php(209): Illuminate\\View\\Middleware\\ShareErrorsFromSession->handle()
#19 /home/mexy/Downloads/Vastora LMS v3.1.0/vendor/laravel/framework/src/Illuminate/Session/Middleware/StartSession.php(121): Illuminate\\Pipeline\\Pipeline->{closure:{closure:Illuminate\\Pipeline\\Pipeline::carry():184}:185}()
#20 /home/mexy/Downloads/Vastora LMS v3.1.0/vendor/laravel/framework/src/Illuminate/Session/Middleware/StartSession.php(64): Illuminate\\Session\\Middleware\\StartSession->handleStatefulRequest()
#21 /home/mexy/Downloads/Vastora LMS v3.1.0/vendor/laravel/framework/src/Illuminate/Pipeline/Pipeline.php(209): Illuminate\\Session\\Middleware\\StartSession->handle()
#22 /home/mexy/Downloads/Vastora LMS v3.1.0/vendor/laravel/framework/src/Illuminate/Cookie/Middleware/AddQueuedCookiesToResponse.php(37): Illuminate\\Pipeline\\Pipeline->{closure:{closure:Illuminate\\Pipeline\\Pipeline::carry():184}:185}()
#23 /home/mexy/Downloads/Vastora LMS v3.1.0/vendor/laravel/framework/src/Illuminate/Pipeline/Pipeline.php(209): Illuminate\\Cookie\\Middleware\\AddQueuedCookiesToResponse->handle()
#24 /home/mexy/Downloads/Vastora LMS v3.1.0/vendor/laravel/framework/src/Illuminate/Cookie/Middleware/EncryptCookies.php(75): Illuminate\\Pipeline\\Pipeline->{closure:{closure:Illuminate\\Pipeline\\Pipeline::carry():184}:185}()
#25 /home/mexy/Downloads/Vastora LMS v3.1.0/vendor/laravel/framework/src/Illuminate/Pipeline/Pipeline.php(209): Illuminate\\Cookie\\Middleware\\EncryptCookies->handle()
#26 /home/mexy/Downloads/Vastora LMS v3.1.0/vendor/laravel/framework/src/Illuminate/Pipeline/Pipeline.php(127): Illuminate\\Pipeline\\Pipeline->{closure:{closure:Illuminate\\Pipeline\\Pipeline::carry():184}:185}()
#27 /home/mexy/Downloads/Vastora LMS v3.1.0/vendor/laravel/framework/src/Illuminate/Routing/Router.php(807): Illuminate\\Pipeline\\Pipeline->then()
#28 /home/mexy/Downloads/Vastora LMS v3.1.0/vendor/laravel/framework/src/Illuminate/Routing/Router.php(786): Illuminate\\Routing\\Router->runRouteWithinStack()
#29 /home/mexy/Downloads/Vastora LMS v3.1.0/vendor/laravel/framework/src/Illuminate/Routing/Router.php(750): Illuminate\\Routing\\Router->runRoute()
#30 /home/mexy/Downloads/Vastora LMS v3.1.0/vendor/laravel/framework/src/Illuminate/Routing/Router.php(739): Illuminate\\Routing\\Router->dispatchToRoute()
#31 /home/mexy/Downloads/Vastora LMS v3.1.0/vendor/laravel/framework/src/Illuminate/Foundation/Http/Kernel.php(201): Illuminate\\Routing\\Router->dispatch()
#32 /home/mexy/Downloads/Vastora LMS v3.1.0/vendor/laravel/framework/src/Illuminate/Pipeline/Pipeline.php(170): Illuminate\\Foundation\\Http\\Kernel->{closure:Illuminate\\Foundation\\Http\\Kernel::dispatchToRouter():198}()
#33 /home/mexy/Downloads/Vastora LMS v3.1.0/vendor/livewire/livewire/src/Features/SupportDisablingBackButtonCache/DisableBackButtonCacheMiddleware.php(19): Illuminate\\Pipeline\\Pipeline->{closure:Illuminate\\Pipeline\\Pipeline::prepareDestination():168}()
#34 /home/mexy/Downloads/Vastora LMS v3.1.0/vendor/laravel/framework/src/Illuminate/Pipeline/Pipeline.php(209): Livewire\\Features\\SupportDisablingBackButtonCache\\DisableBackButtonCacheMiddleware->handle()
#35 /home/mexy/Downloads/Vastora LMS v3.1.0/vendor/laravel/framework/src/Illuminate/Foundation/Http/Middleware/TransformsRequest.php(21): Illuminate\\Pipeline\\Pipeline->{closure:{closure:Illuminate\\Pipeline\\Pipeline::carry():184}:185}()
#36 /home/mexy/Downloads/Vastora LMS v3.1.0/vendor/laravel/framework/src/Illuminate/Foundation/Http/Middleware/ConvertEmptyStringsToNull.php(31): Illuminate\\Foundation\\Http\\Middleware\\TransformsRequest->handle()
#37 /home/mexy/Downloads/Vastora LMS v3.1.0/vendor/laravel/framework/src/Illuminate/Pipeline/Pipeline.php(209): Illuminate\\Foundation\\Http\\Middleware\\ConvertEmptyStringsToNull->handle()
#38 /home/mexy/Downloads/Vastora LMS v3.1.0/vendor/laravel/framework/src/Illuminate/Foundation/Http/Middleware/TransformsRequest.php(21): Illuminate\\Pipeline\\Pipeline->{closure:{closure:Illuminate\\Pipeline\\Pipeline::carry():184}:185}()
#39 /home/mexy/Downloads/Vastora LMS v3.1.0/vendor/laravel/framework/src/Illuminate/Foundation/Http/Middleware/TrimStrings.php(51): Illuminate\\Foundation\\Http\\Middleware\\TransformsRequest->handle()
#40 /home/mexy/Downloads/Vastora LMS v3.1.0/vendor/laravel/framework/src/Illuminate/Pipeline/Pipeline.php(209): Illuminate\\Foundation\\Http\\Middleware\\TrimStrings->handle()
#41 /home/mexy/Downloads/Vastora LMS v3.1.0/vendor/laravel/framework/src/Illuminate/Http/Middleware/ValidatePostSize.php(27): Illuminate\\Pipeline\\Pipeline->{closure:{closure:Illuminate\\Pipeline\\Pipeline::carry():184}:185}()
#42 /home/mexy/Downloads/Vastora LMS v3.1.0/vendor/laravel/framework/src/Illuminate/Pipeline/Pipeline.php(209): Illuminate\\Http\\Middleware\\ValidatePostSize->handle()
#43 /home/mexy/Downloads/Vastora LMS v3.1.0/vendor/laravel/framework/src/Illuminate/Foundation/Http/Middleware/PreventRequestsDuringMaintenance.php(110): Illuminate\\Pipeline\\Pipeline->{closure:{closure:Illuminate\\Pipeline\\Pipeline::carry():184}:185}()
#44 /home/mexy/Downloads/Vastora LMS v3.1.0/vendor/laravel/framework/src/Illuminate/Pipeline/Pipeline.php(209): Illuminate\\Foundation\\Http\\Middleware\\PreventRequestsDuringMaintenance->handle()
#45 /home/mexy/Downloads/Vastora LMS v3.1.0/vendor/laravel/framework/src/Illuminate/Http/Middleware/HandleCors.php(49): Illuminate\\Pipeline\\Pipeline->{closure:{closure:Illuminate\\Pipeline\\Pipeline::carry():184}:185}()
#46 /home/mexy/Downloads/Vastora LMS v3.1.0/vendor/laravel/framework/src/Illuminate/Pipeline/Pipeline.php(209): Illuminate\\Http\\Middleware\\HandleCors->handle()
#47 /home/mexy/Downloads/Vastora LMS v3.1.0/vendor/laravel/framework/src/Illuminate/Http/Middleware/TrustProxies.php(58): Illuminate\\Pipeline\\Pipeline->{closure:{closure:Illuminate\\Pipeline\\Pipeline::carry():184}:185}()
#48 /home/mexy/Downloads/Vastora LMS v3.1.0/vendor/laravel/framework/src/Illuminate/Pipeline/Pipeline.php(209): Illuminate\\Http\\Middleware\\TrustProxies->handle()
#49 /home/mexy/Downloads/Vastora LMS v3.1.0/vendor/laravel/framework/src/Illuminate/Foundation/Http/Middleware/InvokeDeferredCallbacks.php(22): Illuminate\\Pipeline\\Pipeline->{closure:{closure:Illuminate\\Pipeline\\Pipeline::carry():184}:185}()
#50 /home/mexy/Downloads/Vastora LMS v3.1.0/vendor/laravel/framework/src/Illuminate/Pipeline/Pipeline.php(209): Illuminate\\Foundation\\Http\\Middleware\\InvokeDeferredCallbacks->handle()
#51 /home/mexy/Downloads/Vastora LMS v3.1.0/vendor/laravel/framework/src/Illuminate/Pipeline/Pipeline.php(127): Illuminate\\Pipeline\\Pipeline->{closure:{closure:Illuminate\\Pipeline\\Pipeline::carry():184}:185}()
#52 /home/mexy/Downloads/Vastora LMS v3.1.0/vendor/laravel/framework/src/Illuminate/Foundation/Http/Kernel.php(176): Illuminate\\Pipeline\\Pipeline->then()
#53 /home/mexy/Downloads/Vastora LMS v3.1.0/vendor/laravel/framework/src/Illuminate/Foundation/Http/Kernel.php(145): Illuminate\\Foundation\\Http\\Kernel->sendRequestThroughRouter()
#54 /home/mexy/Downloads/Vastora LMS v3.1.0/vendor/laravel/framework/src/Illuminate/Foundation/Application.php(1220): Illuminate\\Foundation\\Http\\Kernel->handle()
#55 /home/mexy/Downloads/Vastora LMS v3.1.0/public/index.php(17): Illuminate\\Foundation\\Application->handleRequest()
#56 /home/mexy/Downloads/Vastora LMS v3.1.0/vendor/laravel/framework/src/Illuminate/Foundation/resources/server.php(23): require_once('...')
#57 {main}
"} 
[2026-05-28 17:56:22] production.ERROR: fileperms(): stat failed for /home/mexy/Downloads/Vastora LMS v3.1.0/storage/app/ {"exception":"[object] (ErrorException(code: 0): fileperms(): stat failed for /home/mexy/Downloads/Vastora LMS v3.1.0/storage/app/ at /home/mexy/Downloads/Vastora LMS v3.1.0/vendor/amentotech/laravel-installer/src/Helpers/PermissionsChecker.php:54)
[stacktrace]
#0 /home/mexy/Downloads/Vastora LMS v3.1.0/vendor/laravel/framework/src/Illuminate/Foundation/Bootstrap/HandleExceptions.php(258): Illuminate\\Foundation\\Bootstrap\\HandleExceptions->handleError()
#1 [internal function]: Illuminate\\Foundation\\Bootstrap\\HandleExceptions->{closure:Illuminate\\Foundation\\Bootstrap\\HandleExceptions::forwardsTo():257}()
#2 /home/mexy/Downloads/Vastora LMS v3.1.0/vendor/amentotech/laravel-installer/src/Helpers/PermissionsChecker.php(54): fileperms()
#3 /home/mexy/Downloads/Vastora LMS v3.1.0/vendor/amentotech/laravel-installer/src/Helpers/PermissionsChecker.php(34): Froiden\\LaravelInstaller\\Helpers\\PermissionsChecker->getPermission()
#4 /home/mexy/Downloads/Vastora LMS v3.1.0/vendor/amentotech/laravel-installer/src/Controllers/PermissionsController.php(32): Froiden\\LaravelInstaller\\Helpers\\PermissionsChecker->check()
#5 /home/mexy/Downloads/Vastora LMS v3.1.0/vendor/laravel/framework/src/Illuminate/Routing/Controller.php(54): Froiden\\LaravelInstaller\\Controllers\\PermissionsController->permissions()
#6 /home/mexy/Downloads/Vastora LMS v3.1.0/vendor/laravel/framework/src/Illuminate/Routing/ControllerDispatcher.php(44): Illuminate\\Routing\\Controller->callAction()
#7 /home/mexy/Downloads/Vastora LMS v3.1.0/vendor/laravel/framework/src/Illuminate/Routing/Route.php(266): Illuminate\\Routing\\ControllerDispatcher->dispatch()
#8 /home/mexy/Downloads/Vastora LMS v3.1.0/vendor/laravel/framework/src/Illuminate/Routing/Route.php(212): Illuminate\\Routing\\Route->runController()
#9 /home/mexy/Downloads/Vastora LMS v3.1.0/vendor/laravel/framework/src/Illuminate/Routing/Router.php(808): Illuminate\\Routing\\Route->run()
#10 /home/mexy/Downloads/Vastora LMS v3.1.0/vendor/laravel/framework/src/Illuminate/Pipeline/Pipeline.php(170): Illuminate\\Routing\\Router->{closure:Illuminate\\Routing\\Router::runRouteWithinStack():807}()
#11 /home/mexy/Downloads/Vastora LMS v3.1.0/vendor/amentotech/laravel-installer/src/Middleware/canInstall.php(31): Illuminate\\Pipeline\\Pipeline->{closure:Illuminate\\Pipeline\\Pipeline::prepareDestination():168}()
#12 /home/mexy/Downloads/Vastora LMS v3.1.0/vendor/laravel/framework/src/Illuminate/Pipeline/Pipeline.php(209): Froiden\\LaravelInstaller\\Middleware\\canInstall->handle()
#13 /home/mexy/Downloads/Vastora LMS v3.1.0/vendor/laravel/framework/src/Illuminate/Routing/Middleware/SubstituteBindings.php(51): Illuminate\\Pipeline\\Pipeline->{closure:{closure:Illuminate\\Pipeline\\Pipeline::carry():184}:185}()
#14 /home/mexy/Downloads/Vastora LMS v3.1.0/vendor/laravel/framework/src/Illuminate/Pipeline/Pipeline.php(209): Illuminate\\Routing\\Middleware\\SubstituteBindings->handle()
#15 /home/mexy/Downloads/Vastora LMS v3.1.0/vendor/laravel/framework/src/Illuminate/Foundation/Http/Middleware/VerifyCsrfToken.php(88): Illuminate\\Pipeline\\Pipeline->{closure:{closure:Illuminate\\Pipeline\\Pipeline::carry():184}:185}()
#16 /home/mexy/Downloads/Vastora LMS v3.1.0/vendor/laravel/framework/src/Illuminate/Pipeline/Pipeline.php(209): Illuminate\\Foundation\\Http\\Middleware\\VerifyCsrfToken->handle()
#17 /home/mexy/Downloads/Vastora LMS v3.1.0/vendor/laravel/framework/src/Illuminate/View/Middleware/ShareErrorsFromSession.php(49): Illuminate\\Pipeline\\Pipeline->{closure:{closure:Illuminate\\Pipeline\\Pipeline::carry():184}:185}()
#18 /home/mexy/Downloads/Vastora LMS v3.1.0/vendor/laravel/framework/src/Illuminate/Pipeline/Pipeline.php(209): Illuminate\\View\\Middleware\\ShareErrorsFromSession->handle()
#19 /home/mexy/Downloads/Vastora LMS v3.1.0/vendor/laravel/framework/src/Illuminate/Session/Middleware/StartSession.php(121): Illuminate\\Pipeline\\Pipeline->{closure:{closure:Illuminate\\Pipeline\\Pipeline::carry():184}:185}()
#20 /home/mexy/Downloads/Vastora LMS v3.1.0/vendor/laravel/framework/src/Illuminate/Session/Middleware/StartSession.php(64): Illuminate\\Session\\Middleware\\StartSession->handleStatefulRequest()
#21 /home/mexy/Downloads/Vastora LMS v3.1.0/vendor/laravel/framework/src/Illuminate/Pipeline/Pipeline.php(209): Illuminate\\Session\\Middleware\\StartSession->handle()
#22 /home/mexy/Downloads/Vastora LMS v3.1.0/vendor/laravel/framework/src/Illuminate/Cookie/Middleware/AddQueuedCookiesToResponse.php(37): Illuminate\\Pipeline\\Pipeline->{closure:{closure:Illuminate\\Pipeline\\Pipeline::carry():184}:185}()
#23 /home/mexy/Downloads/Vastora LMS v3.1.0/vendor/laravel/framework/src/Illuminate/Pipeline/Pipeline.php(209): Illuminate\\Cookie\\Middleware\\AddQueuedCookiesToResponse->handle()
#24 /home/mexy/Downloads/Vastora LMS v3.1.0/vendor/laravel/framework/src/Illuminate/Cookie/Middleware/EncryptCookies.php(75): Illuminate\\Pipeline\\Pipeline->{closure:{closure:Illuminate\\Pipeline\\Pipeline::carry():184}:185}()
#25 /home/mexy/Downloads/Vastora LMS v3.1.0/vendor/laravel/framework/src/Illuminate/Pipeline/Pipeline.php(209): Illuminate\\Cookie\\Middleware\\EncryptCookies->handle()
#26 /home/mexy/Downloads/Vastora LMS v3.1.0/vendor/laravel/framework/src/Illuminate/Pipeline/Pipeline.php(127): Illuminate\\Pipeline\\Pipeline->{closure:{closure:Illuminate\\Pipeline\\Pipeline::carry():184}:185}()
#27 /home/mexy/Downloads/Vastora LMS v3.1.0/vendor/laravel/framework/src/Illuminate/Routing/Router.php(807): Illuminate\\Pipeline\\Pipeline->then()
#28 /home/mexy/Downloads/Vastora LMS v3.1.0/vendor/laravel/framework/src/Illuminate/Routing/Router.php(786): Illuminate\\Routing\\Router->runRouteWithinStack()
#29 /home/mexy/Downloads/Vastora LMS v3.1.0/vendor/laravel/framework/src/Illuminate/Routing/Router.php(750): Illuminate\\Routing\\Router->runRoute()
#30 /home/mexy/Downloads/Vastora LMS v3.1.0/vendor/laravel/framework/src/Illuminate/Routing/Router.php(739): Illuminate\\Routing\\Router->dispatchToRoute()
#31 /home/mexy/Downloads/Vastora LMS v3.1.0/vendor/laravel/framework/src/Illuminate/Foundation/Http/Kernel.php(201): Illuminate\\Routing\\Router->dispatch()
#32 /home/mexy/Downloads/Vastora LMS v3.1.0/vendor/laravel/framework/src/Illuminate/Pipeline/Pipeline.php(170): Illuminate\\Foundation\\Http\\Kernel->{closure:Illuminate\\Foundation\\Http\\Kernel::dispatchToRouter():198}()
#33 /home/mexy/Downloads/Vastora LMS v3.1.0/vendor/livewire/livewire/src/Features/SupportDisablingBackButtonCache/DisableBackButtonCacheMiddleware.php(19): Illuminate\\Pipeline\\Pipeline->{closure:Illuminate\\Pipeline\\Pipeline::prepareDestination():168}()
#34 /home/mexy/Downloads/Vastora LMS v3.1.0/vendor/laravel/framework/src/Illuminate/Pipeline/Pipeline.php(209): Livewire\\Features\\SupportDisablingBackButtonCache\\DisableBackButtonCacheMiddleware->handle()
#35 /home/mexy/Downloads/Vastora LMS v3.1.0/vendor/laravel/framework/src/Illuminate/Foundation/Http/Middleware/TransformsRequest.php(21): Illuminate\\Pipeline\\Pipeline->{closure:{closure:Illuminate\\Pipeline\\Pipeline::carry():184}:185}()
#36 /home/mexy/Downloads/Vastora LMS v3.1.0/vendor/laravel/framework/src/Illuminate/Foundation/Http/Middleware/ConvertEmptyStringsToNull.php(31): Illuminate\\Foundation\\Http\\Middleware\\TransformsRequest->handle()
#37 /home/mexy/Downloads/Vastora LMS v3.1.0/vendor/laravel/framework/src/Illuminate/Pipeline/Pipeline.php(209): Illuminate\\Foundation\\Http\\Middleware\\ConvertEmptyStringsToNull->handle()
#38 /home/mexy/Downloads/Vastora LMS v3.1.0/vendor/laravel/framework/src/Illuminate/Foundation/Http/Middleware/TransformsRequest.php(21): Illuminate\\Pipeline\\Pipeline->{closure:{closure:Illuminate\\Pipeline\\Pipeline::carry():184}:185}()
#39 /home/mexy/Downloads/Vastora LMS v3.1.0/vendor/laravel/framework/src/Illuminate/Foundation/Http/Middleware/TrimStrings.php(51): Illuminate\\Foundation\\Http\\Middleware\\TransformsRequest->handle()
#40 /home/mexy/Downloads/Vastora LMS v3.1.0/vendor/laravel/framework/src/Illuminate/Pipeline/Pipeline.php(209): Illuminate\\Foundation\\Http\\Middleware\\TrimStrings->handle()
#41 /home/mexy/Downloads/Vastora LMS v3.1.0/vendor/laravel/framework/src/Illuminate/Http/Middleware/ValidatePostSize.php(27): Illuminate\\Pipeline\\Pipeline->{closure:{closure:Illuminate\\Pipeline\\Pipeline::carry():184}:185}()
#42 /home/mexy/Downloads/Vastora LMS v3.1.0/vendor/laravel/framework/src/Illuminate/Pipeline/Pipeline.php(209): Illuminate\\Http\\Middleware\\ValidatePostSize->handle()
#43 /home/mexy/Downloads/Vastora LMS v3.1.0/vendor/laravel/framework/src/Illuminate/Foundation/Http/Middleware/PreventRequestsDuringMaintenance.php(110): Illuminate\\Pipeline\\Pipeline->{closure:{closure:Illuminate\\Pipeline\\Pipeline::carry():184}:185}()
#44 /home/mexy/Downloads/Vastora LMS v3.1.0/vendor/laravel/framework/src/Illuminate/Pipeline/Pipeline.php(209): Illuminate\\Foundation\\Http\\Middleware\\PreventRequestsDuringMaintenance->handle()
#45 /home/mexy/Downloads/Vastora LMS v3.1.0/vendor/laravel/framework/src/Illuminate/Http/Middleware/HandleCors.php(49): Illuminate\\Pipeline\\Pipeline->{closure:{closure:Illuminate\\Pipeline\\Pipeline::carry():184}:185}()
#46 /home/mexy/Downloads/Vastora LMS v3.1.0/vendor/laravel/framework/src/Illuminate/Pipeline/Pipeline.php(209): Illuminate\\Http\\Middleware\\HandleCors->handle()
#47 /home/mexy/Downloads/Vastora LMS v3.1.0/vendor/laravel/framework/src/Illuminate/Http/Middleware/TrustProxies.php(58): Illuminate\\Pipeline\\Pipeline->{closure:{closure:Illuminate\\Pipeline\\Pipeline::carry():184}:185}()
#48 /home/mexy/Downloads/Vastora LMS v3.1.0/vendor/laravel/framework/src/Illuminate/Pipeline/Pipeline.php(209): Illuminate\\Http\\Middleware\\TrustProxies->handle()
#49 /home/mexy/Downloads/Vastora LMS v3.1.0/vendor/laravel/framework/src/Illuminate/Foundation/Http/Middleware/InvokeDeferredCallbacks.php(22): Illuminate\\Pipeline\\Pipeline->{closure:{closure:Illuminate\\Pipeline\\Pipeline::carry():184}:185}()
#50 /home/mexy/Downloads/Vastora LMS v3.1.0/vendor/laravel/framework/src/Illuminate/Pipeline/Pipeline.php(209): Illuminate\\Foundation\\Http\\Middleware\\InvokeDeferredCallbacks->handle()
#51 /home/mexy/Downloads/Vastora LMS v3.1.0/vendor/laravel/framework/src/Illuminate/Pipeline/Pipeline.php(127): Illuminate\\Pipeline\\Pipeline->{closure:{closure:Illuminate\\Pipeline\\Pipeline::carry():184}:185}()
#52 /home/mexy/Downloads/Vastora LMS v3.1.0/vendor/laravel/framework/src/Illuminate/Foundation/Http/Kernel.php(176): Illuminate\\Pipeline\\Pipeline->then()
#53 /home/mexy/Downloads/Vastora LMS v3.1.0/vendor/laravel/framework/src/Illuminate/Foundation/Http/Kernel.php(145): Illuminate\\Foundation\\Http\\Kernel->sendRequestThroughRouter()
#54 /home/mexy/Downloads/Vastora LMS v3.1.0/vendor/laravel/framework/src/Illuminate/Foundation/Application.php(1220): Illuminate\\Foundation\\Http\\Kernel->handle()
#55 /home/mexy/Downloads/Vastora LMS v3.1.0/public/index.php(17): Illuminate\\Foundation\\Application->handleRequest()
#56 /home/mexy/Downloads/Vastora LMS v3.1.0/vendor/laravel/framework/src/Illuminate/Foundation/resources/server.php(23): require_once('...')
#57 {main}
"} 
[2026-05-28 17:59:07] production.ERROR: Module [Meetfusion] does not exist! {"exception":"[object] (Nwidart\\Modules\\Exceptions\\ModuleNotFoundException(code: 0): Module [Meetfusion] does not exist! at /home/mexy/Downloads/Vastora LMS v3.1.0/vendor/nwidart/laravel-modules/src/FileRepository.php:290)
[stacktrace]
#0 /home/mexy/Downloads/Vastora LMS v3.1.0/vendor/nwidart/laravel-modules/src/Commands/BaseCommand.php(136): Nwidart\\Modules\\FileRepository->findOrFail()
#1 /home/mexy/Downloads/Vastora LMS v3.1.0/vendor/nwidart/laravel-modules/src/Commands/Actions/EnableCommand.php(25): Nwidart\\Modules\\Commands\\BaseCommand->getModuleModel()
#2 /home/mexy/Downloads/Vastora LMS v3.1.0/vendor/nwidart/laravel-modules/src/Commands/BaseCommand.php(91): Nwidart\\Modules\\Commands\\Actions\\EnableCommand->executeAction()
#3 /home/mexy/Downloads/Vastora LMS v3.1.0/vendor/laravel/framework/src/Illuminate/Container/BoundMethod.php(36): Nwidart\\Modules\\Commands\\BaseCommand->handle()
#4 /home/mexy/Downloads/Vastora LMS v3.1.0/vendor/laravel/framework/src/Illuminate/Container/Util.php(43): Illuminate\\Container\\BoundMethod::{closure:Illuminate\\Container\\BoundMethod::call():35}()
#5 /home/mexy/Downloads/Vastora LMS v3.1.0/vendor/laravel/framework/src/Illuminate/Container/BoundMethod.php(95): Illuminate\\Container\\Util::unwrapIfClosure()
#6 /home/mexy/Downloads/Vastora LMS v3.1.0/vendor/laravel/framework/src/Illuminate/Container/BoundMethod.php(35): Illuminate\\Container\\BoundMethod::callBoundMethod()
#7 /home/mexy/Downloads/Vastora LMS v3.1.0/vendor/laravel/framework/src/Illuminate/Container/Container.php(696): Illuminate\\Container\\BoundMethod::call()
#8 /home/mexy/Downloads/Vastora LMS v3.1.0/vendor/laravel/framework/src/Illuminate/Console/Command.php(213): Illuminate\\Container\\Container->call()
#9 /home/mexy/Downloads/Vastora LMS v3.1.0/vendor/symfony/console/Command/Command.php(341): Illuminate\\Console\\Command->execute()
#10 /home/mexy/Downloads/Vastora LMS v3.1.0/vendor/laravel/framework/src/Illuminate/Console/Command.php(182): Symfony\\Component\\Console\\Command\\Command->run()
#11 /home/mexy/Downloads/Vastora LMS v3.1.0/vendor/symfony/console/Application.php(1102): Illuminate\\Console\\Command->run()
#12 /home/mexy/Downloads/Vastora LMS v3.1.0/vendor/symfony/console/Application.php(356): Symfony\\Component\\Console\\Application->doRunCommand()
#13 /home/mexy/Downloads/Vastora LMS v3.1.0/vendor/symfony/console/Application.php(195): Symfony\\Component\\Console\\Application->doRun()
#14 /home/mexy/Downloads/Vastora LMS v3.1.0/vendor/laravel/framework/src/Illuminate/Console/Application.php(166): Symfony\\Component\\Console\\Application->run()
#15 /home/mexy/Downloads/Vastora LMS v3.1.0/vendor/laravel/framework/src/Illuminate/Foundation/Console/Kernel.php(427): Illuminate\\Console\\Application->call()
#16 /home/mexy/Downloads/Vastora LMS v3.1.0/vendor/laravel/framework/src/Illuminate/Support/Facades/Facade.php(361): Illuminate\\Foundation\\Console\\Kernel->call()
#17 /home/mexy/Downloads/Vastora LMS v3.1.0/vendor/amentotech/laravel-installer/src/Controllers/DatabaseController.php(117): Illuminate\\Support\\Facades\\Facade::__callStatic()
#18 /home/mexy/Downloads/Vastora LMS v3.1.0/vendor/laravel/framework/src/Illuminate/Routing/Controller.php(54): Froiden\\LaravelInstaller\\Controllers\\DatabaseController->seed()
#19 /home/mexy/Downloads/Vastora LMS v3.1.0/vendor/laravel/framework/src/Illuminate/Routing/ControllerDispatcher.php(44): Illuminate\\Routing\\Controller->callAction()
#20 /home/mexy/Downloads/Vastora LMS v3.1.0/vendor/laravel/framework/src/Illuminate/Routing/Route.php(266): Illuminate\\Routing\\ControllerDispatcher->dispatch()
#21 /home/mexy/Downloads/Vastora LMS v3.1.0/vendor/laravel/framework/src/Illuminate/Routing/Route.php(212): Illuminate\\Routing\\Route->runController()
#22 /home/mexy/Downloads/Vastora LMS v3.1.0/vendor/laravel/framework/src/Illuminate/Routing/Router.php(808): Illuminate\\Routing\\Route->run()
#23 /home/mexy/Downloads/Vastora LMS v3.1.0/vendor/laravel/framework/src/Illuminate/Pipeline/Pipeline.php(170): Illuminate\\Routing\\Router->{closure:Illuminate\\Routing\\Router::runRouteWithinStack():807}()
#24 /home/mexy/Downloads/Vastora LMS v3.1.0/vendor/amentotech/laravel-installer/src/Middleware/canInstall.php(31): Illuminate\\Pipeline\\Pipeline->{closure:Illuminate\\Pipeline\\Pipeline::prepareDestination():168}()
#25 /home/mexy/Downloads/Vastora LMS v3.1.0/vendor/laravel/framework/src/Illuminate/Pipeline/Pipeline.php(209): Froiden\\LaravelInstaller\\Middleware\\canInstall->handle()
#26 /home/mexy/Downloads/Vastora LMS v3.1.0/vendor/laravel/framework/src/Illuminate/Routing/Middleware/SubstituteBindings.php(51): Illuminate\\Pipeline\\Pipeline->{closure:{closure:Illuminate\\Pipeline\\Pipeline::carry():184}:185}()
#27 /home/mexy/Downloads/Vastora LMS v3.1.0/vendor/laravel/framework/src/Illuminate/Pipeline/Pipeline.php(209): Illuminate\\Routing\\Middleware\\SubstituteBindings->handle()
#28 /home/mexy/Downloads/Vastora LMS v3.1.0/vendor/laravel/framework/src/Illuminate/Foundation/Http/Middleware/VerifyCsrfToken.php(88): Illuminate\\Pipeline\\Pipeline->{closure:{closure:Illuminate\\Pipeline\\Pipeline::carry():184}:185}()
#29 /home/mexy/Downloads/Vastora LMS v3.1.0/vendor/laravel/framework/src/Illuminate/Pipeline/Pipeline.php(209): Illuminate\\Foundation\\Http\\Middleware\\VerifyCsrfToken->handle()
#30 /home/mexy/Downloads/Vastora LMS v3.1.0/vendor/laravel/framework/src/Illuminate/View/Middleware/ShareErrorsFromSession.php(49): Illuminate\\Pipeline\\Pipeline->{closure:{closure:Illuminate\\Pipeline\\Pipeline::carry():184}:185}()
#31 /home/mexy/Downloads/Vastora LMS v3.1.0/vendor/laravel/framework/src/Illuminate/Pipeline/Pipeline.php(209): Illuminate\\View\\Middleware\\ShareErrorsFromSession->handle()
#32 /home/mexy/Downloads/Vastora LMS v3.1.0/vendor/laravel/framework/src/Illuminate/Session/Middleware/StartSession.php(121): Illuminate\\Pipeline\\Pipeline->{closure:{closure:Illuminate\\Pipeline\\Pipeline::carry():184}:185}()
#33 /home/mexy/Downloads/Vastora LMS v3.1.0/vendor/laravel/framework/src/Illuminate/Session/Middleware/StartSession.php(64): Illuminate\\Session\\Middleware\\StartSession->handleStatefulRequest()
#34 /home/mexy/Downloads/Vastora LMS v3.1.0/vendor/laravel/framework/src/Illuminate/Pipeline/Pipeline.php(209): Illuminate\\Session\\Middleware\\StartSession->handle()
#35 /home/mexy/Downloads/Vastora LMS v3.1.0/vendor/laravel/framework/src/Illuminate/Cookie/Middleware/AddQueuedCookiesToResponse.php(37): Illuminate\\Pipeline\\Pipeline->{closure:{closure:Illuminate\\Pipeline\\Pipeline::carry():184}:185}()
#36 /home/mexy/Downloads/Vastora LMS v3.1.0/vendor/laravel/framework/src/Illuminate/Pipeline/Pipeline.php(209): Illuminate\\Cookie\\Middleware\\AddQueuedCookiesToResponse->handle()
#37 /home/mexy/Downloads/Vastora LMS v3.1.0/vendor/laravel/framework/src/Illuminate/Cookie/Middleware/EncryptCookies.php(75): Illuminate\\Pipeline\\Pipeline->{closure:{closure:Illuminate\\Pipeline\\Pipeline::carry():184}:185}()
#38 /home/mexy/Downloads/Vastora LMS v3.1.0/vendor/laravel/framework/src/Illuminate/Pipeline/Pipeline.php(209): Illuminate\\Cookie\\Middleware\\EncryptCookies->handle()
#39 /home/mexy/Downloads/Vastora LMS v3.1.0/vendor/laravel/framework/src/Illuminate/Pipeline/Pipeline.php(127): Illuminate\\Pipeline\\Pipeline->{closure:{closure:Illuminate\\Pipeline\\Pipeline::carry():184}:185}()
#40 /home/mexy/Downloads/Vastora LMS v3.1.0/vendor/laravel/framework/src/Illuminate/Routing/Router.php(807): Illuminate\\Pipeline\\Pipeline->then()
#41 /home/mexy/Downloads/Vastora LMS v3.1.0/vendor/laravel/framework/src/Illuminate/Routing/Router.php(786): Illuminate\\Routing\\Router->runRouteWithinStack()
#42 /home/mexy/Downloads/Vastora LMS v3.1.0/vendor/laravel/framework/src/Illuminate/Routing/Router.php(750): Illuminate\\Routing\\Router->runRoute()
#43 /home/mexy/Downloads/Vastora LMS v3.1.0/vendor/laravel/framework/src/Illuminate/Routing/Router.php(739): Illuminate\\Routing\\Router->dispatchToRoute()
#44 /home/mexy/Downloads/Vastora LMS v3.1.0/vendor/laravel/framework/src/Illuminate/Foundation/Http/Kernel.php(201): Illuminate\\Routing\\Router->dispatch()
#45 /home/mexy/Downloads/Vastora LMS v3.1.0/vendor/laravel/framework/src/Illuminate/Pipeline/Pipeline.php(170): Illuminate\\Foundation\\Http\\Kernel->{closure:Illuminate\\Foundation\\Http\\Kernel::dispatchToRouter():198}()
#46 /home/mexy/Downloads/Vastora LMS v3.1.0/vendor/livewire/livewire/src/Features/SupportDisablingBackButtonCache/DisableBackButtonCacheMiddleware.php(19): Illuminate\\Pipeline\\Pipeline->{closure:Illuminate\\Pipeline\\Pipeline::prepareDestination():168}()
#47 /home/mexy/Downloads/Vastora LMS v3.1.0/vendor/laravel/framework/src/Illuminate/Pipeline/Pipeline.php(209): Livewire\\Features\\SupportDisablingBackButtonCache\\DisableBackButtonCacheMiddleware->handle()
#48 /home/mexy/Downloads/Vastora LMS v3.1.0/vendor/laravel/framework/src/Illuminate/Foundation/Http/Middleware/TransformsRequest.php(21): Illuminate\\Pipeline\\Pipeline->{closure:{closure:Illuminate\\Pipeline\\Pipeline::carry():184}:185}()
#49 /home/mexy/Downloads/Vastora LMS v3.1.0/vendor/laravel/framework/src/Illuminate/Foundation/Http/Middleware/ConvertEmptyStringsToNull.php(31): Illuminate\\Foundation\\Http\\Middleware\\TransformsRequest->handle()
#50 /home/mexy/Downloads/Vastora LMS v3.1.0/vendor/laravel/framework/src/Illuminate/Pipeline/Pipeline.php(209): Illuminate\\Foundation\\Http\\Middleware\\ConvertEmptyStringsToNull->handle()
#51 /home/mexy/Downloads/Vastora LMS v3.1.0/vendor/laravel/framework/src/Illuminate/Foundation/Http/Middleware/TransformsRequest.php(21): Illuminate\\Pipeline\\Pipeline->{closure:{closure:Illuminate\\Pipeline\\Pipeline::carry():184}:185}()
#52 /home/mexy/Downloads/Vastora LMS v3.1.0/vendor/laravel/framework/src/Illuminate/Foundation/Http/Middleware/TrimStrings.php(51): Illuminate\\Foundation\\Http\\Middleware\\TransformsRequest->handle()
#53 /home/mexy/Downloads/Vastora LMS v3.1.0/vendor/laravel/framework/src/Illuminate/Pipeline/Pipeline.php(209): Illuminate\\Foundation\\Http\\Middleware\\TrimStrings->handle()
#54 /home/mexy/Downloads/Vastora LMS v3.1.0/vendor/laravel/framework/src/Illuminate/Http/Middleware/ValidatePostSize.php(27): Illuminate\\Pipeline\\Pipeline->{closure:{closure:Illuminate\\Pipeline\\Pipeline::carry():184}:185}()
#55 /home/mexy/Downloads/Vastora LMS v3.1.0/vendor/laravel/framework/src/Illuminate/Pipeline/Pipeline.php(209): Illuminate\\Http\\Middleware\\ValidatePostSize->handle()
#56 /home/mexy/Downloads/Vastora LMS v3.1.0/vendor/laravel/framework/src/Illuminate/Foundation/Http/Middleware/PreventRequestsDuringMaintenance.php(110): Illuminate\\Pipeline\\Pipeline->{closure:{closure:Illuminate\\Pipeline\\Pipeline::carry():184}:185}()
#57 /home/mexy/Downloads/Vastora LMS v3.1.0/vendor/laravel/framework/src/Illuminate/Pipeline/Pipeline.php(209): Illuminate\\Foundation\\Http\\Middleware\\PreventRequestsDuringMaintenance->handle()
#58 /home/mexy/Downloads/Vastora LMS v3.1.0/vendor/laravel/framework/src/Illuminate/Http/Middleware/HandleCors.php(49): Illuminate\\Pipeline\\Pipeline->{closure:{closure:Illuminate\\Pipeline\\Pipeline::carry():184}:185}()
#59 /home/mexy/Downloads/Vastora LMS v3.1.0/vendor/laravel/framework/src/Illuminate/Pipeline/Pipeline.php(209): Illuminate\\Http\\Middleware\\HandleCors->handle()
#60 /home/mexy/Downloads/Vastora LMS v3.1.0/vendor/laravel/framework/src/Illuminate/Http/Middleware/TrustProxies.php(58): Illuminate\\Pipeline\\Pipeline->{closure:{closure:Illuminate\\Pipeline\\Pipeline::carry():184}:185}()
#61 /home/mexy/Downloads/Vastora LMS v3.1.0/vendor/laravel/framework/src/Illuminate/Pipeline/Pipeline.php(209): Illuminate\\Http\\Middleware\\TrustProxies->handle()
#62 /home/mexy/Downloads/Vastora LMS v3.1.0/vendor/laravel/framework/src/Illuminate/Foundation/Http/Middleware/InvokeDeferredCallbacks.php(22): Illuminate\\Pipeline\\Pipeline->{closure:{closure:Illuminate\\Pipeline\\Pipeline::carry():184}:185}()
#63 /home/mexy/Downloads/Vastora LMS v3.1.0/vendor/laravel/framework/src/Illuminate/Pipeline/Pipeline.php(209): Illuminate\\Foundation\\Http\\Middleware\\InvokeDeferredCallbacks->handle()
#64 /home/mexy/Downloads/Vastora LMS v3.1.0/vendor/laravel/framework/src/Illuminate/Pipeline/Pipeline.php(127): Illuminate\\Pipeline\\Pipeline->{closure:{closure:Illuminate\\Pipeline\\Pipeline::carry():184}:185}()
#65 /home/mexy/Downloads/Vastora LMS v3.1.0/vendor/laravel/framework/src/Illuminate/Foundation/Http/Kernel.php(176): Illuminate\\Pipeline\\Pipeline->then()
#66 /home/mexy/Downloads/Vastora LMS v3.1.0/vendor/laravel/framework/src/Illuminate/Foundation/Http/Kernel.php(145): Illuminate\\Foundation\\Http\\Kernel->sendRequestThroughRouter()
#67 /home/mexy/Downloads/Vastora LMS v3.1.0/vendor/laravel/framework/src/Illuminate/Foundation/Application.php(1220): Illuminate\\Foundation\\Http\\Kernel->handle()
#68 /home/mexy/Downloads/Vastora LMS v3.1.0/public/index.php(17): Illuminate\\Foundation\\Application->handleRequest()
#69 /home/mexy/Downloads/Vastora LMS v3.1.0/vendor/laravel/framework/src/Illuminate/Foundation/resources/server.php(23): require_once('...')
#70 {main}
"} 
